time,ax,ay,az,wx,wy,wz,Bx,By,Bz
0.062904,0,0,0,0.5005,0.0468,-1.398,0,0,0
0.082904,0.1214,-0.5421,0.1835,0.0845,0.05765,0.01495,0,0,0
0.102904,0.1214,-0.5421,0.1835,-0.00225,0.06625,0.0076,0,0,0
0.122904,0.1445,-0.5192,0.121,-0.05975,0.05705,0.001,0.5063,-42.6938,-2.325
0.142904,0.1301,-0.5419,0.1098,-0.03035,-0.00895,0.0045,0.5063,-42.6938,-2.325
0.162904,0.1294,-0.5916,0.1643,-0.0078,-0.0388,0.001,-1.1531,-22.1438,-20.2875
0.182904,0.1557,-0.6039,0.185,0.02515,-0.05535,0.00575,-2.8125,-1.5938,-38.25
0.202904,0.1773,-0.5525,0.162,0.0252,-0.04435,0.02045,-2.8125,-1.5938,-38.25
0.222904,0.1855,-0.5772,0.1592,0.0203,-0.0462,0.0217,-2.57815,-1.7344,-38.00625
0.242904,0.1837,-0.5394,0.1392,0.0026,-0.04375,0.0119,-2.3438,-1.875,-37.7625
0.262904,0.24,-0.4449,0.0963,-0.02,-0.05595,0.0137,-2.3438,-1.875,-37.7625
0.282904,0.1988,-0.5528,0.0963,-0.04565,-0.0572,0.0143,-2.3438,-1.875,-37.7625
0.302904,0.1948,-0.6654,0.1873,-0.04815,-0.07735,0.00575,-2.925,-1.7813,-38.1562
0.322904,0.1783,-0.6769,0.2207,-0.02,-0.07485,0.0033,-2.925,-1.7813,-38.1562
0.342904,0.2156,-0.6161,0.1195,0.0179,-0.08275,0.018,-2.925,-1.7813,-38.1562
0.362904,0.2737,-0.5256,0.0791,0.02025,-0.09625,0.02175,-2.7188,-2.0813,-37.4813
0.382904,0.2327,-0.4517,0.0451,-0.0316,-0.1091,0.00275,-2.7188,-2.0813,-37.4813
0.402904,0.3189,-0.474,0.1119,-0.05115,-0.1054,-0.03215,-2.7188,-2.0813,-37.4813
0.422904,0.3016,-0.5775,0.1677,-0.0206,-0.06085,-0.0505,-3.6938,-1.875,-37.9688
0.442904,0.2817,-0.5594,0.1686,0.0197,-0.02055,-0.03695,-3.6938,-1.875,-37.9688
0.462904,0.1876,-0.502,0.0852,0.024,-0.00405,-0.0187,-3.6938,-1.875,-37.9688
0.482904,0.1255,-0.4461,0.0127,-0.0041,-0.0217,-0.0327,-3.1125,-1.875,-38.0625
0.502904,0.0805,-0.462,0.0187,-0.02675,-0.0376,-0.04615,-3.1125,-1.875,-38.0625
0.522904,0.0019,-0.5432,0.076,-0.028,-0.01505,-0.02775,-3.1125,-1.875,-38.0625
0.542904,-0.0304,-0.5694,0.0479,-0.0218,-0.01135,-0.00035,-3.8063,-1.9875,-37.9688
0.562904,-0.0138,-0.5289,0.0268,-0.0212,-0.02725,0.0107,-3.8063,-1.9875,-37.9688
0.582904,-0.0082,-0.436,-0.0276,-0.0322,-0.0645,-0.0003,-3.8063,-1.9875,-37.9688
0.602904,-0.0089,-0.3908,-0.024,-0.0494,-0.1097,-0.0065,-3.9938,-1.7813,-37.9688
0.622904,0.0136,-0.4581,0.0441,-0.0627,-0.1293,-0.0113,-3.9938,-1.7813,-37.9688
0.642904,0.01,-0.5188,0.1969,-0.0481,-0.117,-0.0162,-3.9938,-1.7813,-37.9688
0.662904,-0.1015,-0.5697,0.2481,-0.0188,-0.0975,0.0045,-4.0875,-1.7813,-38.0625
0.682904,-0.078,-0.5492,0.2534,-0.0054,-0.062,0.0265,-4.0875,-1.7813,-38.0625
0.702904,-0.0088,-0.5239,0.206,-0.0224,-0.0327,0.0315,-4.0875,-1.7813,-38.0625
0.722904,0.0161,-0.5095,0.1865,-0.0469,-0.0082,0.0107,-4.04065,-1.8844,-37.9125
0.742904,-0.0145,-0.4451,0.1472,-0.0542,-0.0059,0.007,-3.9938,-1.9875,-37.7625
0.762904,-0.0418,-0.4809,0.147,-0.0444,-0.0144,0.0107,-3.9938,-1.9875,-37.7625
0.782904,-0.0824,-0.5548,0.1843,-0.0206,-0.02595,0.01255,-3.9938,-1.9875,-37.7625
0.802904,-0.0852,-0.5406,0.1914,-0.0072,-0.06085,0.02045,-4.3875,-1.6875,-37.9688
0.822904,-0.022,-0.4841,0.1452,-0.0066,-0.0597,0.018,-4.3875,-1.6875,-37.9688
0.842904,0.0166,-0.5362,0.1855,-0.0212,-0.0401,0.0186,-4.3875,-1.6875,-37.9688
0.862904,0.0107,-0.5533,0.2009,-0.0261,-0.03645,0.0211,-4.3875,-1.6875,-37.9688
0.882904,0.0957,-0.513,0.2183,-0.0371,-0.0358,0.02045,-4.1813,-1.5,-37.9688
0.902904,0.0872,-0.52555,0.22905,-0.0091,-0.0205,0.0205,-4.1813,-1.5,-37.9688
0.922904,0.0934,-0.4486,0.1973,0.016,-0.02175,0.03875,-4.4813,-1.3875,-37.6688
0.942904,0.148,-0.4259,0.1428,0.00685,-0.03945,0.0296,-4.4813,-1.3875,-37.6688
0.962904,0.1657,-0.4453,0.1716,-0.0121,-0.0364,0.01075,-4.4813,-1.3875,-37.6688
0.982904,0.2129,-0.5133,0.2115,-0.023,-0.0113,0.0039,-4.575,-1.5938,-37.9688
1.002904,0.1865,-0.5172,0.2145,-0.0145,0.01855,0.00515,-4.575,-1.5938,-37.9688
1.022904,0.207,-0.5812,0.2514,0.01545,0.03325,-0.00525,-4.575,-1.5938,-37.9688
1.042904,0.1557,-0.6062,0.1997,0.03555,0.01495,-0.004,-4.9688,-1.2938,-38.0625
1.062904,0.1364,-0.566,0.1579,0.03805,0.0014,-0.0052,-4.9688,-1.2938,-38.0625
1.082904,0.1257,-0.5201,0.1155,0.0289,0.0149,-0.0046,-4.9688,-1.2938,-38.0625
1.102904,0.0957,-0.5691,0.1186,0.00875,0.01425,0.0016,-5.0625,-1.5,-37.9688
1.122904,0.1229,-0.5623,0.1049,0.0111,0.01125,-0.0021,-5.0625,-1.5,-37.9688
1.142904,0.1298,-0.5012,0.0566,0.0246,0.00265,-0.0021,-5.0625,-1.5,-37.9688
1.162904,0.1206,-0.5553,0.0409,0.02155,-0.0132,0.001,-4.6688,-1.5,-38.0625
1.182904,0.1149,-0.6131,0.1229,0.0026,-0.02235,-0.0015,-4.6688,-1.5,-38.0625
1.202904,0.0731,-0.6109,0.1032,-0.0029,-0.0163,0.0034,-4.6688,-1.5,-38.0625
1.222904,0.0766,-0.5473,0.0537,0.0093,-0.0169,0.0155,-4.8188,-1.6875,-37.9125
1.242904,0.135,-0.5399,0.0207,0.00565,-0.01925,0.00885,-4.9688,-1.875,-37.7625
1.262904,0.195,-0.521,0.0691,-0.00725,-0.01995,-0.01555,-4.9688,-1.875,-37.7625
1.282904,0.1377,-0.5039,0.0739,-0.0224,0.0015,-0.0235,-4.9688,-1.6875,-38.00625
1.302904,0.1152,-0.5565,0.1453,-0.0346,0.0064,-0.00585,-4.9688,-1.5,-38.25
1.322904,0.0671,-0.5958,0.2363,-0.02365,0.03815,0.0095,-4.9688,-1.5,-38.25
1.342904,0.0507,-0.5672,0.2342,-0.00535,0.04005,0.0253,-4.9688,-1.5,-38.25
1.362904,0.1174,-0.5328,0.1206,0.0002,0.0002,0.0144,-4.9688,-1.5,-38.1562
1.382904,0.1476,-0.5131,0.0713,-0.00535,-0.0242,-0.00825,-4.9688,-1.5,-38.1562
1.402904,0.1782,-0.541,0.0453,-0.01815,-0.01435,-0.0235,-4.9688,-1.5,-38.1562
1.422904,0.1729,-0.6158,0.1027,-0.0274,0.01065,-0.0345,-4.7812,-1.3875,-38.1562
1.442904,0.1386,-0.6157,0.1641,-0.0176,0.0235,-0.0235,-4.7812,-1.3875,-38.1562
1.462904,0.0975,-0.5127,0.1762,-0.0029,0.0173,-0.0162,-4.7812,-1.3875,-38.1562
1.482904,0.0601,-0.4812,0.1757,-0.0029,-0.0107,-0.0065,-4.9688,-1.6875,-37.9688
1.502904,0.071,-0.5374,0.2327,-0.0126,-0.0389,-0.0137,-4.9688,-1.6875,-37.9688
1.522904,0.117,-0.5605,0.2046,-0.0176,-0.0082,-0.0247,-4.9688,-1.6875,-37.9688
1.542904,0.1223,-0.5605,0.1434,-0.0199,0.0148,-0.0077,-4.9688,-1.6875,-38.1562
1.562904,0.1183,-0.5917,0.1613,-0.0091,0.0368,-0.0003,-4.9688,-1.6875,-38.1562
1.582904,0.1181,-0.5501,0.1141,-0.0016,0.0345,-0.0198,-4.9688,-1.6875,-38.1562
1.602904,0.0981,-0.4884,0.0826,-0.0054,0.0198,-0.032,-4.7812,-1.6875,-37.6688
1.622904,0.0445,-0.4792,0.0877,-0.0139,-0.007,-0.026,-4.7812,-1.6875,-37.6688
1.642904,-0.0309,-0.5053,0.1519,-0.0212,-0.0217,-0.01,-4.7812,-1.6875,-37.6688
1.662904,-0.0089,-0.4804,0.1203,-0.0249,-0.0267,0.0107,-4.3875,-1.3875,-37.7625
1.682904,0.035,-0.5265,0.1498,-0.023,-0.02545,0.01315,-4.3875,-1.3875,-37.7625
1.702904,0.132,-0.5637,0.1739,-0.0114,-0.0217,0.00275,-4.3875,-1.3875,-37.7625
1.722904,0.1236,-0.53955,0.1721,-0.0016,-0.0205,-0.004,-4.3875,-1.3875,-37.7625
1.742904,0.1394,-0.5355,0.1839,0.0019,-0.0132,-0.01065,-4.9688,-1.5,-37.9688
1.762904,0.0804,-0.512,0.1858,-0.00225,-0.0169,-0.00645,-4.9688,-1.5,-37.9688
1.782904,0.0251,-0.51155,0.20175,-0.0078,-0.0169,0.012,-4.9688,-1.5,-37.9688
1.802904,0.0671,-0.5257,0.232,-0.0108,-0.0425,0.0155,-4.575,-1.5,-37.875
1.822904,0.13,-0.5149,0.2152,-0.0066,-0.0352,0.0076,-4.575,-1.5,-37.875
1.842904,0.2045,-0.5457,0.1913,-0.0054,-0.0272,0.00335,-4.575,-1.5,-37.875
1.862904,0.2045,-0.5457,0.1913,-0.00475,-0.01995,0.00035,-4.575,-1.5,-37.875
1.882904,0.1759,-0.55975,0.1825,0.0154,0.0198,-0.0125,-5.2688,-1.7813,-37.7625
1.902904,0.0814,-0.5157,0.1769,0.027,0.02465,-0.0064,-5.2688,-1.7813,-37.7625
1.922904,0.0309,-0.5772,0.1801,0.0216,0.0124,-0.0003,-5.3625,-1.3875,-37.9688
1.942904,0.1072,-0.5351,0.1025,0.01415,-0.00345,-0.004,-5.3625,-1.3875,-37.9688
1.962904,0.1563,-0.5159,0.0656,0.0069,-0.01925,-0.0125,-5.3625,-1.3875,-37.9688
1.982904,0.1475,-0.5006,0.09,0.0019,0.00025,-0.01065,-5.4563,-1.3875,-37.875
2.002904,0.146,-0.517,0.112,-0.006,0.01065,0.00275,-5.4563,-1.3875,-37.875
2.022904,0.1236,-0.5954,0.1289,-0.00285,0.0137,0.00095,-5.4563,-1.3875,-37.875
2.042904,0.1003,-0.581,0.0914,0.005,-0.00405,-0.0009,-5.55,-0.9,-38.55
2.062904,0.0479,-0.5669,0.0774,0.0093,-0.03335,0.01255,-5.55,-0.9,-38.55
2.082904,0.0845,-0.5683,0.0517,0.0014,-0.0676,0.01075,-5.55,-0.9,-38.55
2.102904,0.1366,-0.5468,0.0966,-0.00225,-0.0688,-0.007,-4.875,-1.7813,-37.7625
2.122904,0.143,-0.558,0.0765,0.013,-0.05295,-0.00215,-4.875,-1.7813,-37.7625
2.142904,0.173,-0.5257,0.0822,0.013,-0.0168,0.01075,-4.875,-1.7813,-37.7625
2.162904,0.1516,-0.5257,0.0596,-0.00535,0.00265,0.0058,-5.4563,-1.3875,-37.875
2.182904,0.1009,-0.554,0.1,-0.0108,-0.0046,-0.00825,-5.4563,-1.3875,-37.875
2.202904,0.0519,-0.5554,0.1143,0.00685,-0.03825,-0.007,-5.4563,-1.3875,-37.875
2.222904,-0.0009,-0.5225,0.0913,0.0166,-0.0718,0.0155,-5.50315,-1.44375,-38.0156
2.242904,0.0587,-0.5245,0.0753,0.00565,-0.05835,0.0186,-5.55,-1.5,-38.1562
2.262904,0.171,-0.5217,0.047,-0.023,-0.0327,0.00635,-5.55,-1.5,-38.1562
2.282904,0.1987,-0.5671,0.0624,-0.0261,-0.01745,-0.00275,-5.55,-1.5,-38.1562
2.302904,0.1255,-0.6546,0.1431,-0.0023,0.00515,-0.00395,-5.55,-1.3875,-37.875
2.322904,0.0232,-0.5582,0.1147,0.0129,0.0113,0.0168,-5.55,-1.3875,-37.875
2.342904,-0.0151,-0.5217,0.0787,0.0056,-0.0364,0.0242,-5.55,-1.3875,-37.875
2.362904,0.0812,-0.4881,0.1454,0.0093,-0.073,0.007,-5.85,-1.5938,-37.575
2.382904,0.0962,-0.4762,0.1255,0.0191,-0.0645,0.012,-5.85,-1.5938,-37.575
2.402904,0.1747,-0.5265,0.0323,0.0044,-0.0364,0.0168,-5.85,-1.5938,-37.575
2.422904,0.2016,-0.5141,0.0726,-0.0078,0.0161,0.0058,-5.6625,-0.9,-38.1562
2.442904,0.1498,-0.5474,0.0782,-0.0091,0.0173,-0.0015,-5.6625,-0.9,-38.1562
2.462904,0.0741,-0.5195,0.0521,-0.0066,-0.012,0.0022,-5.6625,-0.9,-38.1562
2.482904,-0.053,-0.4822,0.0427,-0.0176,-0.0217,0.0155,-5.6625,-1.7813,-37.575
2.502904,-0.0213,-0.5672,0.0644,-0.0298,-0.045,0.0327,-5.6625,-1.7813,-37.575
2.522904,-0.0006,-0.6002,0.1967,-0.0199,-0.0364,0.0425,-5.6625,-1.7813,-37.575
2.542904,0.1347,-0.5033,0.1589,-0.00415,-0.03145,0.0479,-5.6625,-1.2,-38.0625
2.562904,0.2449,-0.4442,0.105,-0.009,-0.02175,0.02535,-5.6625,-1.2,-38.0625
2.582904,0.2187,-0.48585,0.1092,-0.0408,-0.0047,0.007,-5.6625,-1.2,-38.0625
2.602904,0.1388,-0.53245,0.18475,-0.0566,0.0038,0.0095,-5.7563,-1.7813,-37.7625
2.622904,0.1247,-0.5787,0.26175,-0.0359,0.0088,0.0192,-5.7563,-1.7813,-37.7625
2.642904,0.1627,-0.6057,0.2203,0.0075,0.00695,0.03815,-5.7563,-1.7813,-37.7625
2.662904,0.1627,-0.6057,0.2203,0.0166,-0.0022,0.03875,-5.7563,-1.7813,-37.7625
2.682904,0.231,-0.4925,0.1359,-0.0169,-0.03275,0.01985,-5.2688,-1.3875,-37.6688
2.702904,0.2377,-0.5094,0.1602,-0.04625,-0.02605,0.0126,-5.2688,-1.3875,-37.6688
2.722904,0.2283,-0.5194,0.191,-0.0432,-0.0169,0.0205,-5.70005,-1.3875,-37.57505
2.742904,0.3159,-0.4929,0.1948,-0.009,0.0082,0.02715,-6.1313,-1.3875,-37.4813
2.762904,0.2857,-0.4636,0.1466,0.00255,-0.012,0.01255,-6.1313,-1.3875,-37.4813
2.782904,0.2198,-0.4854,0.1792,-0.0164,-0.051,-0.0015,-6.0938,-1.2469,-37.57505
2.802904,0.1563,-0.5319,0.246,-0.0255,-0.0572,0.0034,-6.0563,-1.1063,-37.6688
2.822904,0.1666,-0.5836,0.2891,-0.0102,-0.01385,0.03575,-6.0563,-1.1063,-37.6688
2.842904,0.2295,-0.5581,0.2815,0.002333333,-0.025,0.053066667,-6.0563,-1.1063,-37.6688
2.862904,0.2295,-0.5581,0.2815,0.002766667,-0.027,0.052633333,-6.0563,-1.1063,-37.6688
2.882904,0.2964,-0.3985,0.1233,-0.00725,-0.05535,0.01315,-6.4313,-1.5,-37.6688
2.902904,0.2341,-0.4718,0.1464,-0.01325,-0.059,0.01865,-6.4313,-1.5,-37.6688
2.922904,0.2649,-0.5071,0.1684,-0.00475,-0.04685,0.02775,-6.1313,-0.8063,-38.25
2.942904,0.243,-0.487,0.2046,0.0038,-0.0321,0.0358,-6.1313,-0.8063,-38.25
2.962904,0.2766,-0.4215,0.2163,0.002,-0.06995,0.0456,-6.1313,-0.8063,-38.25
2.982904,0.3288,-0.3572,0.2141,0.0008,-0.08585,0.04,-6.2438,-1.2938,-37.7625
3.002904,0.3558,-0.3802,0.1983,-0.0035,-0.07485,0.0449,-6.2438,-1.2938,-37.7625
3.022904,0.2976,-0.422,0.1843,-0.00965,-0.06445,0.0583,-6.2438,-1.2938,-37.7625
3.042904,0.321,-0.4249,0.188,-0.0145,-0.0901,0.0595,-6.525,-1.1063,-37.7625
3.062904,0.3196,-0.4775,0.2152,-0.0066,-0.1097,0.0572,-6.525,-1.1063,-37.7625
3.082904,0.3288,-0.4568,0.2454,0.00995,-0.13175,0.0651,-6.525,-1.1063,-37.7625
3.102904,0.3432,-0.4765,0.246,0.0191,-0.1555,0.06875,-7.125,-1.2938,-37.9688
3.122904,0.4687,-0.5141,0.333,0.03075,-0.1677,0.03325,-7.125,-1.2938,-37.9688
3.142904,0.5272,-0.4659,0.3659,0.0515,-0.1244,0.0034,-7.125,-1.2938,-37.9688
3.162904,0.4362,-0.4696,0.3189,0.0594,-0.0645,0.004,-7.125,-1.1063,-37.4813
3.182904,0.2502,-0.4885,0.29,0.0569,-0.02845,0.007,-7.125,-1.1063,-37.4813
3.202904,0.1279,-0.5381,0.2698,0.0594,-0.0925,-0.0027,-7.125,-1.1063,-37.4813
3.222904,0.059,-0.5812,0.252,0.0777,-0.1695,-0.0247,-7.4625,-1.15315,-37.57505
3.242904,0.0624,-0.6435,0.3241,0.1132,-0.2185,-0.054,-7.8,-1.2,-37.6688
3.262904,-0.0064,-0.6544,0.2811,0.1412,-0.1671,-0.0638,-7.8,-1.2,-37.6688
3.282904,0.0239,-0.6353,0.2131,0.14,-0.117,-0.0736,-7.8,-1.2,-37.6688
3.302904,-0.0299,-0.5999,0.1757,0.1229,-0.0547,-0.0993,-8.0063,-1.5,-37.875
3.322904,-0.1406,-0.6561,0.1605,0.1169,-0.0302,-0.1018,-8.0063,-1.5,-37.875
3.342904,-0.2692,-0.733,0.1429,0.1314,-0.0132,-0.0943,-8.0063,-1.5,-37.875
3.362904,-0.3657,-0.779,0.1465,0.1474,-0.0217,-0.087,-8.2875,-1.3875,-38.0625
3.382904,-0.4598,-0.7211,0.0526,0.1425,-0.0707,-0.0821,-8.2875,-1.3875,-38.0625
3.402904,-0.5186,-0.6767,0.0123,0.1314,-0.1122,-0.0785,-8.2875,-1.3875,-38.0625
3.422904,-0.5301,-0.599,-0.0291,0.12165,-0.09375,-0.0523,-8.6813,-2.2688,-37.7625
3.442904,-0.5331,-0.6153,-0.0006,0.1169,-0.0608,-0.0162,-8.6813,-2.2688,-37.7625
3.462904,-0.4559,-0.5753,-0.0662,0.1009,-0.04495,0.001,-8.6813,-2.2688,-37.7625
3.482904,-0.4179,-0.5273,-0.18255,0.0802,-0.0645,-0.0186,-8.6813,-2.5688,-37.4813
3.502904,-0.4297,-0.5485,-0.1904,0.07705,-0.08525,-0.01315,-8.6813,-2.5688,-37.4813
3.522904,-0.4249,-0.5556,-0.154,0.0704,-0.073,0.0132,-8.6813,-2.5688,-37.4813
3.542904,-0.3502,-0.5968,-0.1089,0.03435,-0.00645,0.04065,-8.9813,-2.85,-37.9688
3.562904,-0.3401,-0.7103,-0.1095,0.00565,0.0118,0.0651,-8.9813,-2.85,-37.9688
3.582904,-0.2647,-0.715,-0.1185,0.00565,-0.0291,0.08275,-8.9813,-2.85,-37.9688
3.602904,-0.1443,-0.6248,-0.1359,0.02155,-0.0517,0.08835,-9.6562,-2.9438,-37.875
3.622904,-0.051,-0.5428,-0.1741,0.01485,-0.0688,0.0919,-9.6562,-2.9438,-37.875
3.642904,0.0245,-0.5679,-0.202,-0.0389,-0.05045,0.09685,-9.6562,-2.9438,-37.875
3.662904,0.14,-0.6099,-0.1278,-0.06885,-0.02785,0.10415,-9.1688,-3.2438,-37.875
3.682904,0.1692,-0.6105,-0.0566,-0.0615,0.0038,0.11635,-9.1688,-3.2438,-37.875
3.702904,0.2011,-0.5326,-0.0864,-0.04815,-0.01015,0.1231,-9.1688,-3.2438,-37.875
3.722904,0.3259,-0.5005,-0.1521,-0.0554,-0.0522,0.106,-9.4125,-3.0938,-38.0156
3.742904,0.3401,-0.5494,-0.105,-0.09205,-0.09685,0.084,-9.6562,-2.9438,-38.1562
3.762904,0.4061,-0.6026,-0.0119,-0.1067,-0.08645,0.0803,-9.6562,-2.9438,-38.1562
3.782904,0.4746,-0.5918,0.0242,-0.1,-0.06025,0.0675,-9.6562,-2.9438,-38.1562
3.802904,0.5137,-0.5962,0.0715,-0.10185,-0.02535,0.05225,-9.375,-2.9438,-37.4813
3.822904,0.5413,-0.553,0.0802,-0.11955,0.0228,0.03395,-9.375,-2.9438,-37.4813
3.842904,0.4621,-0.503,0.1968,-0.1293,0.0528,0.029,-9.375,-2.9438,-37.4813
3.862904,0.4621,-0.503,0.1968,-0.1293,0.05465,0.029,-9.375,-2.9438,-37.4813
3.882904,0.3945,-0.5227,0.3642,-0.09515,0.018,-0.0027,-9.375,-2.7563,-37.875
3.902904,0.4144,-0.5529,0.43,-0.0695,-0.0034,-0.0419,-9.375,-2.7563,-37.875
3.922904,0.4275,-0.6024,0.402,-0.0408,0.03135,-0.06565,-9.8625,-2.6625,-37.6688
3.942904,0.3584,-0.6344,0.3573,-0.0309,0.0747,-0.0558,-9.8625,-2.6625,-37.6688
3.962904,0.2126,-0.5995,0.2748,-0.045,0.1022,-0.04365,-9.8625,-2.6625,-37.6688
3.982904,0.129,-0.4943,0.2503,-0.0609,0.0803,-0.03995,-9.9563,-1.875,-37.4813
4.002904,0.0692,-0.4317,0.2498,-0.05915,0.02225,-0.04855,-9.9563,-1.875,-37.4813
4.022904,0.0642,-0.3999,0.3256,-0.04375,-0.0382,-0.0638,-9.9563,-1.875,-37.4813
4.042904,0.134,-0.4563,0.4125,-0.0334,-0.05045,-0.0717,-9.45,-2.0813,-37.6688
4.062904,0.1338,-0.5755,0.489,-0.02175,0.0003,-0.05955,-9.45,-2.0813,-37.6688
4.082904,0.1138,-0.5967,0.4844,-0.0114,0.0693,-0.03815,-9.45,-2.0813,-37.6688
4.102904,0.097,-0.5624,0.4,-0.0126,0.0821,-0.0491,-9.9563,-1.875,-37.4813
4.122904,0.0224,-0.5431,0.3552,-0.0054,0.0381,-0.0698,-9.9563,-1.875,-37.4813
4.142904,-0.0619,-0.4857,0.3109,0.0142,0.0076,-0.0613,-9.9563,-1.875,-37.4813
4.162904,-0.0798,-0.4112,0.2548,0.0142,-0.0034,-0.0381,-9.2625,-1.9875,-37.875
4.182904,-0.0346,-0.4898,0.282,0.0044,0.0148,-0.0235,-9.2625,-1.9875,-37.875
4.202904,0.006,-0.5723,0.2907,0.0069,0.0283,-0.0173,-9.2625,-1.9875,-37.875
4.222904,0.0273,-0.5396,0.2392,0.0289,0.0148,-0.0173,-9.31875,-1.8844,-37.875
4.242904,0.0635,-0.4417,0.1423,0.0362,-0.001,-0.0283,-9.375,-1.7813,-37.875
4.262904,0.0477,-0.4516,0.1148,0.0203,-0.0132,-0.0406,-9.375,-1.7813,-37.875
4.282904,-0.03,-0.492,0.1349,0.0032,0.0015,-0.0247,-9.375,-1.7813,-37.875
4.302904,-0.0104,-0.572,0.1958,0.01725,0.0039,-0.00335,-9.075,-1.7813,-37.7625
4.322904,0.0385,-0.5041,0.1471,0.03925,-0.01495,0.00285,-9.075,-1.7813,-37.7625
4.342904,0.06705,-0.3797,0.0228,0.0314,-0.0315,0.0082,-9.075,-1.7813,-37.7625
4.362904,0.0883,-0.3589,0.0037,0.0019,-0.0279,0.0082,-9.1688,-1.9875,-37.3875
4.382904,0.13625,-0.42555,0.0789,-0.0322,0.0161,-0.0015,-9.1688,-1.9875,-37.3875
4.402904,0.0899,-0.5065,0.1495,0.00135,0.06255,-0.00395,-9.1688,-1.9875,-37.3875
4.422904,0.0514,-0.3835,0.0822,0.046,0.05705,0.0132,-9.375,-2.2688,-37.875
4.442904,0.0091,-0.3204,0.0922,0.0503,0.0497,0.026,-9.375,-2.2688,-37.875
4.462904,-0.0545,-0.3238,0.1397,0.02215,0.03745,0.0425,-9.375,-2.2688,-37.875
4.482904,-0.0597,-0.3744,0.1889,0.01725,0.02895,0.0657,-9.375,-1.875,-38.0625
4.502904,-0.0501,-0.3966,0.1771,0.04965,0.01065,0.09565,-9.375,-1.875,-38.0625
4.522904,0.0007,-0.4915,0.1403,0.08075,0.00085,0.1274,-9.375,-1.875,-38.0625
4.542904,0.0497,-0.5268,0.1669,0.1052,-0.00705,0.14025,-8.9813,-2.0813,-37.6688
4.562904,0.0304,-0.4134,-0.0158,0.1198,-0.01685,0.16525,-8.9813,-2.0813,-37.6688
4.582904,0.2002,-0.3215,-0.1204,0.115,-0.0022,0.22145,-8.9813,-2.0813,-37.6688
4.602904,0.2065,-0.3956,-0.1522,0.0973,0.0039,0.27215,-8.775,-2.0813,-37.9688
4.622904,0.2951,-0.416,-0.1571,0.08805,-0.01135,0.3571,-8.775,-2.0813,-37.9688
4.642904,0.3308,-0.3459,-0.2368,0.09665,-0.07735,0.3748,-8.775,-2.0813,-37.9688
4.662904,0.4241,-0.4069,-0.3366,0.10275,-0.1818,0.37115,-8.9813,-2.7563,-37.6688
4.682904,0.5992,-0.6772,-0.3123,0.0808,-0.3345,0.35405,-8.9813,-2.7563,-37.6688
4.702904,0.6829,-0.8803,-0.0928,0.0625,-0.3822,0.3351,-8.9813,-2.7563,-37.6688
4.722904,0.7172,-1.0788,0.1741,0.0411,-0.39005,0.31615,-8.9813,-2.7563,-37.6688
4.742904,0.5914,-1.1109,0.3932,-0.0194,-0.36505,0.31555,-9.5625,-2.3813,-37.9688
4.762904,0.5689,-0.8569,0.4672,-0.02245,-0.35105,0.2947,-9.5625,-2.3813,-37.9688
4.782904,0.4607,-1.2589,0.6846,0.0056,-0.3003,0.3406,-9.7594,-2.66255,-37.86565
4.802904,0.4156,-0.5263,0.3237,-0.03285,-0.40045,0.3546,-9.9563,-2.9438,-37.7625
4.822904,0.266,-0.7017,0.4613,-0.09025,-0.42795,0.30395,-9.9563,-2.9438,-37.7625
4.842904,0.3151,-0.3874,0.42,-0.165366667,-0.512466667,0.198066667,-9.9563,-2.9438,-37.7625
4.862904,0.3151,-0.3874,0.42,-0.171533333,-0.514533333,0.189933333,-9.9563,-2.9438,-37.7625
4.882904,-0.032,-0.541,0.6613,-0.25335,-0.58805,0.0926,-11.4188,-2.4563,-37.3875
4.902904,-0.1562,-0.7493,0.8532,-0.2338,-0.66985,0.0498,-11.4188,-2.4563,-37.3875
4.922904,-0.1741,-0.8282,1.0907,-0.16355,-0.7316,-0.06505,-12.6938,-2.6625,-36.8813
4.942904,-0.0894,-0.9145,1.2266,-0.0554,-0.6632,-0.1994,-12.6938,-2.6625,-36.8813
4.962904,-0.1154,-0.8363,1.1073,-0.0004,-0.5654,-0.2311,-12.6938,-2.6625,-36.8813
4.982904,-0.1993,-0.7155,0.865,0.0032,-0.4346,-0.2776,-14.1563,-1.7813,-37.0875
5.002904,-0.2408,-0.5653,0.7183,-0.0016,-0.3284,-0.3631,-14.1563,-1.7813,-37.0875
5.022904,-0.3369,-0.6618,0.6708,0.0179,-0.2001,-0.4535,-14.1563,-1.7813,-37.0875
5.042904,-0.3081,-0.5835,0.71,0.0301,-0.0082,-0.5402,-16.0125,-1.875,-36.7875
5.062904,-0.8073,-0.9684,0.4994,-0.0726,0.1236,-0.5085,-16.0125,-1.875,-36.7875
5.082904,-1.4872,-1.3963,0.4723,-0.2607,0.12,-0.4009,-16.0125,-1.875,-36.7875
5.102904,-1.668,-1.6447,0.7503,-0.3608,0.0528,-0.3204,-17.2688,-1.875,-36.3938
5.122904,-1.8314,-1.3562,0.902,-0.2875,0.0528,-0.2056,-17.2688,-1.875,-36.3938
5.142904,-1.8366,-0.6226,0.7728,-0.1275,0.0418,-0.015,-17.2688,-1.875,-36.3938
5.162904,-1.5609,-0.1563,0.5665,0.0069,-0.0499,0.1757,-17.175,-1.5938,-36.7875
5.182904,-1.2688,0.1554,0.3504,0.0667,-0.205,0.3248,-17.175,-1.5938,-36.7875
5.202904,-0.8184,0.4648,0.0921,0.0435,-0.4622,0.41815,-17.175,-1.5938,-36.7875
5.222904,0.01115,0.24425,-0.0662,-0.0604,-0.6656,0.4016,-17.175,-1.5938,-36.7875
5.242904,0.32755,-0.13865,0.08575,-0.1434,-0.6619,0.3626,-16.5,-1.6875,-36.2063
5.262904,0.1166,-0.352,0.2196,-0.1843,-0.4207,0.47865,-16.5,-1.6875,-36.2063
5.282904,-0.0528,-0.36425,0.2629,-0.0994,-0.26,0.5299,-16.5,-1.6875,-36.2063
5.302904,0.0653,-0.0817,-0.2401,0.06615,-0.34185,0.6711,-17.6625,-1.5938,-36.3938
5.322904,0.4132,0.2664,-0.5617,0.038,-0.6216,0.588,-17.6625,-1.5938,-36.3938
5.342904,0.6528,0.054,-0.464,-0.11165,-0.9673,0.456,-17.6625,-1.5938,-36.3938
5.362904,0.9103,-0.7692,0.2283,-0.32725,-1.08095,0.31555,-19.0312,-0.9,-35.625
5.382904,0.9501,-1.9802,1.2204,-0.4055,-0.9258,0.169,-19.0312,-0.9,-35.625
5.402904,0.847,-2.3646,1.4403,-0.2326,-0.5129,0.08775,-19.0312,-0.9,-35.625
5.422904,0.7632,-1.7258,0.7125,0.06305,-0.14335,0.1311,-20.0063,-0.8063,-35.0438
5.442904,0.7338,-1.0901,-0.1028,0.3789,0.0589,0.12435,-20.0063,-0.8063,-35.0438
5.462904,0.4277,-0.4797,-1.0463,0.4424,0.1291,0.081,-20.0063,-0.8063,-35.0438
5.482904,0.3236,-0.0763,-1.7227,0.3117,-0.03945,0.0822,-22.7438,0.4688,-34.4438
5.502904,0.289,0.3352,-1.9757,0.0466,-0.26485,0.09435,-22.7438,0.4688,-34.4438
5.522904,0.3225,0.4759,-1.8652,-0.2344,-0.4237,0.11035,-22.7438,0.4688,-34.4438
5.542904,0.4132,0.2873,-1.5579,-0.4476,-0.5049,0.0999,-22.7438,-0.5063,-33.7688
5.562904,0.4734,-0.2023,-1.0436,-0.58995,-0.52325,0.10425,-22.7438,-0.5063,-33.7688
5.582904,0.6998,-0.5128,-0.4732,-0.6871,-0.5324,0.15245,-22.7438,-0.5063,-33.7688
5.602904,0.9553,-0.6399,0.2483,-0.7182,-0.46645,0.15975,-23.2313,-0.6188,-34.05
5.622904,1.1839,-0.8876,0.7773,-0.62785,-0.3113,0.1298,-23.2313,-0.6188,-34.05
5.642904,1.1713,-1.1056,0.7728,-0.4403,-0.13225,0.1183,-23.2313,-0.6188,-34.05
5.662904,1.1174,-0.8922,0.5792,-0.348,-0.1629,0.1494,-24.5063,0.375,-32.8875
5.682904,1.1173,-0.7097,0.52895,-0.3388,-0.199,0.15,-24.5063,0.375,-32.8875
5.702904,1.1047,-0.2657,0.5449,-0.3963,-0.38705,0.08225,-24.5063,0.375,-32.8875
5.722904,1.2554,-0.0535,0.4922,-0.3853,-0.4213,0.0474,-24.9938,1.35,-32.98125
5.742904,1.3374,0.1346,0.2168,-0.35475,-0.4097,0.0181,-25.4813,2.325,-33.075
5.762904,1.5437,0.2703,0.079,-0.3425,-0.38095,-0.05895,-25.4813,2.325,-33.075
5.782904,1.4735,0.1058,0.148,-0.37,-0.2612,-0.16395,-25.4813,2.325,-33.075
5.802904,1.0887,-0.3537,0.4755,-0.43415,-0.12065,-0.2214,-25.1813,3.3,-32.1938
5.822904,0.5756,-0.764,0.8397,-0.458,-0.0437,-0.2355,-25.1813,3.3,-32.1938
5.842904,0.1367,-0.7986,1.064,-0.38415,-0.0407,-0.20425,-25.1813,3.3,-32.1938
5.862904,0.1367,-0.7986,1.064,-0.3695,-0.0474,-0.1981,-25.1813,3.3,-32.1938
5.882904,0.194,-0.5802,0.6692,-0.1385,-0.1384,-0.21955,-26.7563,4.3688,-31.5188
5.902904,0.4558,-0.3511,0.273,-0.1471,-0.1244,-0.3167,-26.7563,4.3688,-31.5188
5.922904,0.297,-0.4809,0.1714,-0.2217,0.0148,-0.3875,-27.2438,4.65,-31.125
5.942904,-0.0902,-0.7839,0.3723,-0.2632,0.1726,-0.39,-27.2438,4.65,-31.125
5.962904,-0.2674,-1.0513,0.585,-0.2118,0.2544,-0.3741,-27.2438,4.65,-31.125
5.982904,-0.5258,-1.2315,0.7535,-0.0432,0.2641,-0.3374,-27.825,5.1562,-30.8438
6.002904,-0.628,-1.0221,0.6602,0.1339,0.1871,-0.3069,-27.825,5.1562,-30.8438
6.022904,-0.774,-0.6593,0.3661,0.1827,0.0136,-0.2434,-27.825,5.1562,-30.8438
6.042904,-0.745,-0.4207,0.1341,0.0729,-0.1708,-0.1836,-27.6188,4.95,-30.7313
6.062904,-0.6589,-0.4251,0.1208,-0.0737,-0.2515,-0.1664,-27.6188,4.95,-30.7313
6.082904,-0.4447,-0.4274,0.0893,-0.1318,-0.3229,-0.1566,-27.6188,4.95,-30.7313
6.102904,-0.2223,-0.5357,0.0813,-0.05965,-0.2753,-0.1297,-27.6188,4.3688,-31.125
6.122904,0.0602,-0.5415,0.0728,0.046,-0.31005,-0.08455,-27.6188,4.3688,-31.125
6.142904,-0.05795,-0.6011,0.0473,0.0399,-0.3308,-0.0784,-27.6188,4.3688,-31.125
6.162904,-0.0517,-0.7826,0.0626,-0.1044,-0.3736,-0.12,-27.7688,4.27505,-31.125
6.182904,0.2429,-0.6236,0.0161,-0.2277,-0.43345,-0.1927,-27.9188,4.1813,-31.125
6.202904,0.2429,-0.6236,0.0161,-0.2228,-0.49695,-0.26905,-27.9188,4.1813,-31.125
6.222904,0.5414,-0.6124,0.0301,-0.1532,-0.4164,-0.4217,-28.11565,4.07815,-30.8344
6.242904,0.5727,-0.59785,-0.0885,-0.1262,-0.2173,-0.3949,-28.3125,3.975,-30.5438
6.262904,0.2748,-0.478,-0.1459,-0.21725,-0.0816,-0.3289,-28.3125,3.975,-30.5438
6.282904,0.2378,-0.5897,0.0303,-0.3285,-0.048,-0.3673,-28.3125,3.975,-30.5438
6.302904,0.0885,-0.7325,0.051,-0.34315,0.01,-0.42665,-30.1688,3.975,-29.5688
6.322904,-0.1947,-0.7647,0.1288,-0.213,0.08945,-0.3698,-30.1688,3.975,-29.5688
6.342904,-0.2186,-0.4011,0.0655,-0.10795,0.04055,-0.3203,-30.1688,3.975,-29.5688
6.362904,-0.3006,0.1676,-0.1741,-0.0872,-0.12555,-0.3203,-30.075,3.3,-29.85
6.382904,-0.3162,0.6174,-0.3418,-0.2387,-0.2038,-0.34965,-30.075,3.3,-29.85
6.402904,-0.2776,1.0018,-0.5819,-0.4378,-0.3144,-0.3588,-30.075,3.3,-29.85
6.422904,-0.1084,0.9636,-0.2109,-0.55145,-0.3724,-0.3778,-30.5625,3.4875,-29.3625
6.442904,-0.1678,0.2279,0.5197,-0.55145,-0.3437,-0.4119,-30.5625,3.4875,-29.3625
6.462904,-0.6436,-0.3541,0.9734,-0.4519,-0.2124,-0.3576,-30.5625,3.4875,-29.3625
6.482904,-0.641,-0.4231,1.1429,-0.276,-0.01195,-0.2226,-30.5625,3.3,-29.475
6.502904,-0.5306,0.1104,0.6015,-0.1972,0.1157,-0.1151,-30.5625,3.3,-29.475
6.522904,-0.2611,0.8767,0.0587,-0.3028,0.0656,-0.2782,-30.5625,3.3,-29.475
6.542904,-0.5538,0.9802,-0.0999,-0.39205,0.05945,-0.48895,-32.5125,4.8563,-28.4813
6.562904,-1.1136,0.8665,-0.1283,-0.40785,0.00395,-0.52495,-32.5125,4.8563,-28.4813
6.582904,-1.4975,0.2497,0.1831,-0.3498,-0.2099,-0.4083,-32.5125,4.8563,-28.4813
6.602904,-1.2064,-0.2112,0.5043,-0.25825,-0.4426,-0.2586,-31.6313,3.7875,-28.5938
6.622904,-0.9258,-0.1828,0.652,-0.1776,-0.41395,-0.0779,-31.6313,3.7875,-28.5938
6.642904,-0.6629,0.3599,0.5144,-0.2118,-0.3125,0.05475,-31.6313,3.7875,-28.5938
6.662904,-0.7487,0.7591,0.016,-0.33465,-0.35585,0.0969,-31.6313,3.7875,-28.5938
6.682904,-0.6085,0.6534,-0.562,-0.53495,-0.6473,-0.0069,-31.6313,4.1813,-28.1063
6.702904,0.1339,-0.1689,-0.6232,-0.50865,-0.80425,-0.26105,-31.6313,4.1813,-28.1063
6.722904,0.1297,-0.7554,-0.3558,-0.4207,-0.8855,-0.2691,-32.21255,4.37815,-28.00315
6.742904,0.4325,-1.6361,0.5772,-0.4012,-0.8403,-0.0943,-32.7938,4.575,-27.9
6.762904,0.3532,-2.1588,-0.6642,-0.4806,-0.6766,0.0694,-32.7938,4.575,-27.9
6.782904,0.5998,-1.6198,-2.0943,-0.6797,-0.6265,0.034,-33.4313,4.81875,-27.31875
6.802904,0.3194,-0.3556,-2.4231,-1.1916,-0.6644,-0.1371,-34.0688,5.0625,-26.7375
6.822904,-0.9593,-1.2434,-0.6897,-1.7793,-1.1249,-0.3106,-34.0688,5.0625,-26.7375
6.842904,-1.5012,-3.0211,2.6147,-1.8465,-1.7786,-0.1726,-34.0688,5.0625,-26.7375
6.862904,-1.5012,-3.0211,2.6147,-1.8465,-1.7786,-0.1726,-34.0688,5.0625,-26.7375
6.882904,0.4776,-3.4884,5.289,-1.6057,-0.9808,-0.6428,-34.5563,5.7375,-25.275
6.902904,1.7441,-2.6581,3.4246,-1.789,0.1737,-1.3588,-34.5563,5.7375,-25.275
6.922904,1.4227,-3.7393,3.4378,-2.2716,0.6978,-2.3545,-37.2938,8.5688,-21.9563
6.942904,0.3573,-6.6116,6.3181,-2.0151,1.5751,-3.393,-37.2938,8.5688,-21.9563
6.962904,-2.6114,-9.1277,8.1236,-1.3834,2.0783,-3.5995,-37.2938,8.5688,-21.9563
6.982904,-4.4387,-8.5052,5.7778,-1.4641,1.3832,-3.432,-39.6375,9.5438,-18.9188
7.002904,-3.8182,-5.96415,4.4333,-1.8282,1.1242,-3.4492,-39.6375,9.5438,-18.9188
7.022904,-3.5619,-6.95975,5.0394,-1.9711,1.371,-3.2414,-39.6375,9.5438,-18.9188
7.042904,-1.9391,-9.2815,5.0445,-2.0505,0.8201,-3.4357,-39.6375,6.225,-20.6813
7.062904,-0.87535,-11.6883,4.7989,-1.6277,0.9703,-3.6288,-39.6375,6.225,-20.6813
7.082904,-5.9064,-17.2675,6.5247,-0.7842,1.9782,-2.9048,-39.6375,6.225,-20.6813
7.102904,-12.3169,-19.565,9.5006,-0.4403,2.80165,-1.25805,-37.3875,2.025,-22.9313
7.122904,-12.3169,-19.565,9.5006,0.4265,2.51515,0.4261,-37.3875,2.025,-22.9313
7.142904,-3.9809,10.6658,-6.8375,3.14915,2.34595,1.45055,-37.3875,2.025,-22.9313
7.162904,1.3429,20.523,-20.7703,1.9787,-1.75475,0.5807,-35.7188,-0.9938,-25.275
7.182904,7.1896,24.2019,-21.305,-0.1513,-3.7596,-0.9874,-35.7188,-0.9938,-25.275
7.202904,9.0275,11.6924,-15.5126,-1.61495,-3.8799,-0.7284,-35.7188,-0.9938,-25.275
7.222904,13.371,-6.0507,-1.0875,-1.7212,-4.1902,0.6937,-35.7188,-0.9938,-25.275
7.242904,17.6266,-9.1783,6.4794,-1.4201,-0.82865,0.9765,-27.1313,-4.125,-30.15
7.262904,11.022,-1.3988,0.7028,-0.2704,1.2311,-0.43945,-27.1313,-4.125,-30.15
7.282904,0.812,2.9384,-2.9324,0.11865,2.3374,-1.0356,-27.1313,-4.125,-30.15
7.302904,-8.0502,2.3431,-2.7567,-0.67665,-0.09685,-0.81205,-33.7688,-4.8188,-25.5563
7.322904,-10.6656,0.4464,1.3534,-2.2973,-3.12375,-0.49445,-33.7688,-4.8188,-25.5563
7.342904,-3.6774,3.2147,0.24,-2.6339,-3.9587,-0.6044,-33.7688,-4.8188,-25.5563
7.362904,4.2495,6.982,-1.25,-1.90815,-3.3704,-1.44065,-35.3438,-2.3813,-24.675
7.382904,6.1478,11.0902,-4.4878,-1.6137,-0.7682,-2.7106,-35.3438,-2.3813,-24.675
7.402904,1.4123,8.1151,-7.8641,-2.0188,-0.5379,-3.0478,-35.3438,-2.3813,-24.675
7.422904,-2.6653,4.7961,-10.4184,-2.0498,-1.91535,-2.65255,-36.4125,-1.5938,-23.9062
7.442904,-5.5586,2.6524,-7.3293,-0.71335,-1.4707,-1.84195,-36.4125,-1.5938,-23.9062
7.462904,-4.3929,4.7187,-5.625,0.33985,-1.1237,-0.97815,-36.4125,-1.5938,-23.9062
7.482904,-2.3174,6.4072,-8.0261,0.38435,0.1462,-0.57755,-40.3125,-2.5688,-18.825
7.502904,-1.0183,8.2215,-5.254,0.14865,1.23475,-0.34295,-40.3125,-2.5688,-18.825
7.522904,-1.6852,4.5095,2.6702,0.115,2.82725,0.25695,-40.3125,-2.5688,-18.825
7.542904,-2.2523,0.1767,12.8938,-1.32175,2.8627,0.6864,-41.9813,-5.4,-16.7625
7.562904,-5.8256,-0.9931,11.7939,-0.03465,0.624,1.0034,-41.9813,-5.4,-16.7625
7.582904,-5.0252,3.3846,6.6403,0.688,-0.5159,0.9081,-41.9813,-5.4,-16.7625
7.602904,-0.6264,5.4711,0.6825,-0.74755,-1.7767,0.26365,-40.5188,-6.8625,-18.525
7.622904,2.0711,4.6673,-0.9975,-1.089,-1.0908,-0.7162,-40.5188,-6.8625,-18.525
7.642904,2.725,3.0602,-0.014,-0.2435,-0.3296,-0.7393,-40.5188,-6.8625,-18.525
7.662904,1.8222,2.7699,2.8947,0.1999,0.8261,0.0694,-38.85,-5.1938,-20.5875
7.682904,1.9425,4.5818,4.6932,-0.0824,0.9178,0.817,-38.85,-5.1938,-20.5875
7.702904,1.3253,3.8272,3.9929,-0.0811,0.3569,0.9075,-38.85,-5.1938,-20.5875
7.722904,1.3493,2.2194,3.4845,0.1254,0.291,0.6179,-39.5344,-5.25005,-19.55625
7.742904,1.4362,1.3975,3.5303,0.371,0.3644,0.2783,-40.2188,-5.3063,-18.525
7.762904,1.322,1.7577,2.8593,0.4845,0.4217,0.0657,-40.2188,-5.3063,-18.525
7.782904,1.3393,2.3323,2.1887,0.4956,0.4412,0.1,-40.2188,-5.3063,-18.525
7.802904,0.7449,1.9097,2.1353,0.5261,0.5317,0.3724,-39.5438,-3.9375,-19.8
7.822904,0.0219,1.3135,2.3313,0.6104,0.5878,0.712,-39.5438,-3.9375,-19.8
7.842904,-0.6077,0.7466,2.2317,0.6605,0.2361,0.9136,-39.5438,-3.9375,-19.8
7.862904,-0.3748,0.2021,1.1151,0.63975,0.0278,0.91665,-39.5438,-3.9375,-19.8
7.882904,1.1421,-1.2482,-1.5907,0.4754,-0.428,0.52505,-39.0563,-4.0312,-20.0813
7.902904,1.1421,-1.2482,-1.5907,0.3807,-0.2062,0.4005,-39.0563,-4.0312,-20.0813
7.922904,0.47565,-2.27385,-0.8244,0.5676,0.2531,0.4139,-38.2688,-3.0563,-21.2625
7.942904,-0.45665,-2.50035,0.0267,0.7851,0.3752,0.9025,-38.2688,-3.0563,-21.2625
7.962904,-0.5139,-1.8225,0.2414,0.6104,0.2959,1.3144,-38.2688,-3.0563,-21.2625
7.982904,0.4585,-1.2984,-0.0434,0.2909,-0.01445,1.2734,-38.2688,-3.15,-20.5875
8.002904,1.0659,-1.6349,-0.2715,0.17485,-0.183,1.0162,-38.2688,-3.15,-20.5875
8.022904,1.9221,-1.6617,-1.1001,0.03925,-0.2765,0.8031,-38.2688,-3.15,-20.5875
8.042904,1.5461,-1.3077,-0.8382,0.0472,-0.0847,0.64055,-38.175,-1.9875,-21.6562
8.062904,0.6404,-0.2062,-1.0537,0.421,-0.10725,0.89275,-38.175,-1.9875,-21.6562
8.082904,-0.0975,0.6749,-1.7911,0.64825,0.18225,1.17505,-38.175,-1.9875,-21.6562
8.102904,-0.6853,0.9458,-2.7712,0.4846,0.5219,1.252,-38.0813,-0.1313,-20.8875
8.122904,-1.3804,0.935,-2.4729,0.13945,0.7766,1.14085,-38.0813,-0.1313,-20.8875
8.142904,-2.605,-0.9958,-1.2731,-0.1917,0.7834,0.9069,-38.0813,-0.1313,-20.8875
8.162904,-3.5782,-2.6644,0.1954,-0.18,0.5305,0.861,-38.2219,0.4125,-20.83125
8.182904,-3.421,-2.5969,-0.4995,0.1938,0.0668,1.0315,-38.3625,0.9563,-20.775
8.202904,-2.4102,-1.4245,-2.3924,0.34285,-0.29915,1.05415,-38.3625,0.9563,-20.775
8.222904,-1.3733,-0.8853,-4.052,0.07765,-0.5636,0.8892,-38.3625,0.9563,-20.775
8.242904,-0.4618,-1.1563,-4.4825,-0.31385,-0.3351,0.59415,-37.5938,3.3,-21.6562
8.262904,-0.237,-2.0439,-3.2902,-0.12015,0.1737,0.38035,-37.5938,3.3,-21.6562
8.282904,-0.7244,-1.3104,-2.2454,0.4113,0.2372,0.5092,-37.2469,4.4156,-21.6562
8.302904,-0.6558,-0.2007,-2.3056,0.6953,0.09555,0.7377,-36.9,5.5312,-21.6562
8.322904,-0.1946,0.0534,-2.1912,0.4589,-0.1,0.77495,-36.9,5.5312,-21.6562
8.342904,0.3842,-0.134,-1.3231,-0.2607,-0.0627,0.7023,-36.9,5.5312,-21.6562
8.362904,0.6531,-0.5855,-0.5591,-0.3285,0.2849,0.6705,-36.7125,6.525,-21.2625
8.382904,0.3345,-1.1208,-0.1215,0.0759,0.528,0.70775,-36.7125,6.525,-21.2625
8.402904,0.5341,-0.9466,-0.0983,0.4094,0.59335,0.61975,-36.7125,6.525,-21.2625
8.422904,0.6031,-0.5344,0.1317,0.4235,0.48035,0.4915,-37.7812,9.15,-22.2375
8.442904,0.576,-0.5011,0.5908,0.3166,0.3173,0.44145,-37.7812,9.15,-22.2375
8.462904,0.4251,-0.5011,0.5078,0.3001,0.31665,0.4237,-37.7812,9.15,-22.2375
8.482904,0.012,-0.7239,-0.1076,0.377,0.3875,0.4811,-35.6438,9.15,-22.05
8.502904,-0.4031,-0.5627,-0.4644,0.4052,0.3557,0.6289,-35.6438,9.15,-22.05
8.522904,-0.261,-0.2102,-0.5871,0.3514,0.2757,0.63385,-35.6438,9.15,-22.05
8.542904,-0.1038,-0.2905,-0.4655,0.3295,0.2311,0.5519,-34.1625,9.9375,-22.725
8.562904,-0.3015,-0.3711,-0.2576,0.3477,0.2434,0.4786,-34.1625,9.9375,-22.725
8.582904,-0.5469,-0.5864,-0.0142,0.36,0.1969,0.4579,-34.1625,9.9375,-22.725
8.602904,-0.3113,-0.9128,0.3016,0.3758,0.1383,0.3688,-32.9062,10.2188,-24.0938
8.622904,0.3109,-0.7959,0.3811,0.3807,0.1566,0.2318,-32.9062,10.2188,-24.0938
8.642904,0.8265,-0.637,0.1917,0.377,0.3631,0.1342,-32.9062,10.2188,-24.0938
8.662904,0.9239,-0.3111,-0.1122,0.4027,0.55,0.1415,-32.325,10.8188,-24.7875
8.682904,0.7269,-0.1699,-0.2359,0.4333,0.6783,0.2441,-32.325,10.8188,-24.7875
8.702904,0.64925,-0.0925,-0.1979,0.4272,0.6783,0.337,-32.325,10.8188,-24.7875
8.722904,0.6321,-0.1514,-0.0656,0.41855,0.6349,0.3003,-32.325,10.8188,-24.7875
8.742904,0.39605,-0.24,0.5611,0.4528,0.583,0.1475,-31.6313,10.6125,-25.275
8.762904,0.0417,-0.5837,0.664,0.5408,0.5255,0.0291,-31.6313,10.6125,-25.275
8.782904,-0.2439,-0.75575,0.3989,0.6483,0.4694,0.012,-31.6313,10.6125,-25.275
8.802904,-0.3465,-0.6973,0.0787,0.7228,0.4315,0.0939,-30.3563,10.725,-26.5313
8.822904,-0.2856,-0.1172,-0.211,0.73625,0.48895,0.21905,-30.3563,10.725,-26.5313
8.842904,-0.2893,0.366,-0.2565,0.6976,0.5321,0.326366667,-30.3563,10.725,-26.5313
8.862904,-0.2893,0.366,-0.2565,0.6931,0.5337,0.335333333,-30.3563,10.725,-26.5313
8.882904,-0.4249,-0.1112,-0.2976,0.4748,0.3533,0.522,-29.1938,9.8438,-27.3188
8.902904,-0.0122,-0.078,-0.3485,0.3508,0.2195,0.5208,-29.1938,9.8438,-27.3188
8.922904,0.7907,0.0062,-0.4223,0.4039,0.2232,0.42315,-27.6188,8.6625,-29.0813
8.942904,1.335,-0.2359,-0.4809,0.5652,0.33555,0.22765,-27.6188,8.6625,-29.0813
8.962904,1.4593,-0.3146,-0.5886,0.7185,0.53225,0.0871,-27.6188,8.6625,-29.0813
8.982904,1.2891,-0.6064,-0.5247,0.79915,0.84925,0.0333,-25.875,8.2688,-29.7563
9.002904,0.9819,-0.8673,-0.4746,0.7411,0.8866,0.02235,-25.875,8.2688,-29.7563
9.022904,0.7232,-0.8692,-0.1535,0.6819,0.81935,-0.0088,-25.875,8.2688,-29.7563
9.042904,0.5843,-0.8812,-0.1136,0.71125,0.76505,-0.0631,-25.575,7.6875,-30.45
9.062904,0.309,-0.9032,-0.2009,0.7753,0.65625,-0.0339,-25.575,7.6875,-30.45
9.082904,0.4023,-0.9019,-0.4039,0.7686,0.4541,0.0883,-25.575,7.6875,-30.45
9.102904,0.8106,-0.6565,-0.3046,0.7027,0.2293,0.20625,-23.4188,6.4125,-31.725
9.122904,1.141,-0.3625,-0.0303,0.5921,0.0173,0.2099,-23.4188,6.4125,-31.725
9.142904,1.2806,-0.1305,0.4064,0.49615,-0.11885,0.10485,-23.4188,6.4125,-31.725
9.162904,0.9245,-0.2178,0.8488,0.49855,-0.0883,0.0548,-21.7688,5.1562,-32.8875
9.182904,0.4183,-0.4461,1.3274,0.58655,-0.02725,0.10605,-21.7688,5.1562,-32.8875
9.202904,0.0025,-0.4893,1.3886,0.658,-0.1469,0.26055,-21.7688,5.1562,-32.8875
9.222904,0.2361,-0.4837,1.073,0.6581,-0.2685,0.3028,-21.5719,4.47185,-32.8875
9.242904,0.9826,0.0218,0.3531,0.5713,-0.3803,0.22515,-21.375,3.7875,-32.8875
9.262904,1.2905,0.5424,-0.0095,0.4808,-0.32415,0.21975,-21.375,3.7875,-32.8875
9.282904,1.2909,0.5814,0.0186,0.37585,-0.29845,0.3339,-21.375,3.7875,-32.8875
9.302904,1.0824,0.1916,0.2343,0.2811,-0.3742,0.47375,-21.5625,3,-33.1875
9.322904,0.9679,-0.0903,0.3619,0.2732,-0.56915,0.63325,-21.5625,3,-33.1875
9.342904,1.3408,-0.139,0.577,0.322,-0.712,0.6461,-21.5625,3,-33.1875
9.362904,2.2747,-0.1731,0.2138,0.2817,-0.9905,0.4188,-22.9313,1.6313,-32.8875
9.382904,2.9553,-0.2352,-0.3964,0.2482,-1.1628,0.2447,-22.9313,1.6313,-32.8875
9.402904,3.3774,-0.3951,-0.6721,0.1999,-1.0638,0.0694,-22.9313,1.6313,-32.8875
9.422904,3.031,-0.9047,-0.2951,0.1645,-0.6912,0.0157,-25.275,4.0688,-33.8625
9.442904,2.0768,-1.711,0.2367,0.1645,-0.5594,-0.0088,-25.275,4.0688,-33.8625
9.462904,1.0966,-2.2743,0.3519,0.2634,-0.7609,-0.01,-25.275,4.0688,-33.8625
9.482904,0.6526,-2.1715,0.2367,0.4162,-0.9833,-0.076,-26.6438,2.6063,-31.6125
9.502904,0.2751,-1.7644,-0.2452,0.4711,-1.1775,-0.1431,-26.6438,2.6063,-31.6125
9.522904,0.2351,-1.2704,-0.6664,0.4063,-1.3009,-0.1761,-26.6438,2.6063,-31.6125
9.542904,0.217,-1.2345,-0.9172,0.283,-1.2324,-0.1676,-28.7063,2.2125,-30.9375
9.562904,0.0204,-1.8481,-0.6936,0.2232,-1.1018,-0.1236,-28.7063,2.2125,-30.9375
9.582904,-0.0516,-2.089,-0.3338,0.33245,-0.8812,-0.076,-28.7063,2.2125,-30.9375
9.602904,-0.3897,-1.6329,-0.1551,0.4418,-0.6949,0.0071,-31.8188,1.05,-29.475
9.622904,-1.08325,-1.37225,-0.393,0.3783,-0.6644,0.216,-31.8188,1.05,-29.475
9.642904,-1.22445,-1.4762,-0.46795,0.1889,-0.85,0.3393,-31.8188,1.05,-29.475
9.662904,-1.21115,-1.41395,-0.41115,0.1046,-1.0065,0.3713,-31.8188,1.05,-29.475
9.682904,-1.3411,-0.808,-0.8209,0.2164,-1.0388,0.47925,-35.25,-0.1313,-26.925
9.702904,-1.29195,-0.6681,-0.9924,0.316,-1.1811,0.6509,-35.25,-0.1313,-26.925
9.722904,-0.83365,-0.44025,-1.07055,0.2842,-1.5672,0.7865,-35.25,-0.1313,-26.925
9.742904,0.3714,-0.4022,-0.4409,0.06365,-1.45605,0.71635,-36.9938,-0.7125,-25.5563
9.762904,0.284,-0.6012,0.2796,-0.0194,-1.08955,0.68215,-36.9938,-0.7125,-25.5563
9.782904,-0.5284,-1.0793,1.2653,0.1333,-0.8477,0.72425,-36.9938,-0.7125,-25.5563
9.802904,-1.4395,-1.357,1.4151,0.30315,-0.98025,0.7646,-38.9625,-0.1313,-23.6063
9.822904,-1.5779,-0.9151,-0.4245,0.3307,-0.7157,0.70655,-38.9625,-0.1313,-23.6063
9.842904,-1.3677,-0.7264,-2.7766,0.386766667,0.330133333,0.505933333,-38.9625,-0.1313,-23.6063
9.862904,-1.3677,-0.7264,-2.7766,0.399033333,0.488966667,0.500266667,-38.9625,-0.1313,-23.6063
9.882904,-3.4271,1.6783,-5.0687,0.92015,2.6282,0.59715,-41.6813,1.6313,-20.4938
9.902904,-2.7609,2.3742,-1.1232,-0.09825,1.19995,-0.0008,-41.6813,1.6313,-20.4938
9.922904,-2.9848,0.1305,1.2845,-1.08105,-0.4072,-0.15595,-42.8625,2.6063,-18.825
9.942904,-2.8633,-0.6449,0.9313,-0.6932,-1.04005,0.3718,-42.8625,2.6063,-18.825
9.962904,-0.7322,-0.9066,0.2312,-0.73285,-1.2539,1.0609,-42.8625,2.6063,-18.825
9.982904,1.4546,-0.4076,-0.4583,-0.77135,-1.32225,1.36805,-39.8438,3.3,-22.6313
10.002904,2.652,-0.072,-2.2177,-0.5961,-1.02605,1.04125,-39.8438,3.3,-22.6313
10.022904,3.0773,0.7503,-3.8506,-0.48795,-0.34495,0.3992,-39.8438,3.3,-22.6313
10.042904,3.3291,2.1467,-3.5825,-0.34315,0.2586,0.1586,-41.1938,5.8313,-21.075
10.062904,1.9505,2.1351,-1.7203,-0.28695,0.55915,0.13235,-41.1938,5.8313,-21.075
10.082904,0.293,0.6553,0.232,-0.20145,0.43875,0.10735,-41.1938,5.8313,-21.075
10.102904,-0.3229,0.6844,-0.2429,0.05025,0.3478,0.1231,-42.5625,8.9625,-18.825
10.122904,0.0765,2.0037,-2.0296,0.1516,0.5084,0.1617,-42.5625,8.9625,-18.825
10.142904,-0.5844,3.3173,-2.5749,0.15905,0.3992,0.23075,-42.5625,8.9625,-18.825
10.162904,-1.8462,2.3774,-2.7485,0.1394,0.0931,0.3223,-41.4938,9.3563,-18.6375
10.182904,-1.4783,0.8615,-3.0255,0.0118,-0.06085,0.3944,-41.4938,9.3563,-18.6375
10.202904,0.1478,0.52,-2.6319,-0.19595,0.21645,0.4066,-41.4938,9.3563,-18.6375
10.222904,0.3331,0.4051,-0.6681,-0.26435,0.222,0.54465,-41.4938,9.3563,-18.6375
10.242904,-0.3295,-0.3316,0.8319,-0.323,-0.2282,0.7902,-40.9125,9.8438,-19.0125
10.262904,-0.7302,-2.0245,2.0571,-0.3095,-0.8684,1.0125,-40.9125,9.8438,-19.0125
10.282904,0.3553,-2.5531,2.3716,-0.213,-1.1958,1.0993,-40.9125,10.1344,-19.0125
10.302904,2.4853,-2.6142,2.1221,0.0424,-0.6986,0.7535,-40.9125,10.425,-19.0125
10.322904,3.2559,-2.5395,1.7687,0.2512,0.0381,0.3688,-40.9125,10.425,-19.0125
10.342904,1.6154,-2.7503,2.8552,0.4698,0.4755,0.1953,-40.9125,10.425,-19.0125
10.362904,-1.1164,-2.8356,3.6007,0.6446,0.4938,0.243,-41.9813,13.65,-17.6438
10.382904,-3.1505,-3.1457,3.9366,0.6593,-0.0657,0.4506,-41.9813,13.65,-17.6438
10.402904,-3.3767,-3.7357,4.1471,0.7961,-0.5214,0.6131,-41.9813,13.65,-17.6438
10.422904,-2.3478,-2.9549,3.2592,1.0002,-0.3798,0.6802,-41.9813,15.1125,-16.6875
10.442904,-1.6201,-2.5267,1.5645,0.9219,-0.045,0.6302,-41.9813,15.1125,-16.6875
10.462904,-1.0816,-2.8265,1.0085,0.67335,0.11505,0.34545,-41.9813,15.1125,-16.6875
10.482904,-0.7299,-3.4167,2.3974,0.6593,0.1798,0.133,-42.075,15.1125,-17.7563
10.502904,-0.8368,-4.1839,4.2467,0.9238,0.3808,0.13475,-42.075,15.1125,-17.7563
10.522904,-1.53875,-3.8797,4.04785,1.2983,0.1969,0.1757,-42.075,15.1125,-17.7563
10.542904,-1.8305,-3.6744,3.4206,1.38865,-0.20865,0.38955,-41.4,14.4188,-17.6438
10.562904,-0.5137,-3.8081,-0.1341,1.2823,-0.7193,0.27535,-41.4,14.4188,-17.6438
10.582904,0.8716,-3.7057,-0.6643,1.1474,-0.80305,0.0157,-41.4,14.4188,-17.6438
10.602904,1.6189,-3.6897,-0.0279,1.14125,-0.2301,-0.10225,-41.6813,14.1375,-19.4062
10.622904,1.1954,-3.3956,0.9447,1.1791,0.41745,0.17755,-41.6813,14.1375,-19.4062
10.642904,0.6824,-2.7711,1.1741,1.16255,0.7241,0.4475,-41.6813,14.1375,-19.4062
10.662904,0.6504,-2.3642,0.92355,1.1943,0.6918,0.4164,-41.6813,14.1375,-19.4062
10.682904,0.655,-1.6477,-0.2509,1.082,0.7168,0.1372,-41.4,11.7,-19.5
10.702904,0.9936,-2.0233,-0.1718,1.05995,0.79795,-0.20605,-41.4,11.7,-19.5
10.722904,0.5429,-2.1993,0.533,1.2983,0.8321,-0.4792,-41.00625,11.0625,-20.38125
10.742904,-0.1758,-2.1036,0.7598,1.6372,0.8181,-0.29405,-40.6125,10.425,-21.2625
10.762904,-0.6273,-1.0953,0.1449,1.34345,0.90915,0.155,-40.6125,10.425,-21.2625
10.782904,-0.3509,-0.7665,-0.7966,0.99765,0.65265,0.4066,-40.6125,10.425,-21.2625
10.802904,0.4263,-0.168,-0.7816,0.9373,0.60065,0.23305,-38.475,8.5688,-23.4
10.822904,1.0468,0.4871,-0.7092,0.7918,0.78095,-0.0796,-38.475,8.5688,-23.4
10.842904,0.6259,-0.0629,-0.155,0.68125,0.9232,-0.12115,-38.475,8.5688,-23.4
10.862904,0.6259,-0.0629,-0.155,0.68185,0.9232,-0.101,-37.5938,5.6438,-25.275
10.882904,0.7107,-0.3048,-0.6667,0.8969,0.53295,-0.06675,-37.5938,5.6438,-25.275
10.902904,1.661,0.5606,-1.2991,0.7503,0.4559,-0.3246,-37.5938,5.6438,-25.275
10.922904,1.9469,1.0231,-1.5914,0.5469,0.65445,-0.5457,-35.1562,3.8813,-27.1313
10.942904,1.7533,1.146,-1.692,0.4559,0.97885,-0.7742,-35.1562,3.8813,-27.1313
10.962904,1.0318,0.4858,-1.1127,0.42285,1.35875,-0.9184,-35.1562,3.8813,-27.1313
10.982904,0.2784,0.3052,-0.6437,0.4583,1.51695,-0.85115,-34.4625,2.2125,-28.1063
11.002904,-0.211,0.588,-0.4661,0.45275,1.44365,-0.72405,-34.4625,2.2125,-28.1063
11.022904,-0.0969,0.8389,-0.434,0.34715,1.29895,-0.81575,-34.4625,2.2125,-28.1063
11.042904,0.4234,1.2214,-0.3918,0.24755,1.3814,-1.0833,-31.3313,-0.8063,-29.6625
11.062904,0.6196,1.3268,-0.2614,0.1254,1.5396,-1.3019,-31.3313,-0.8063,-29.6625
11.082904,0.2297,0.4906,0.3459,-0.009,1.4913,-1.39785,-31.3313,-0.8063,-29.6625
11.102904,-0.5043,-0.635,1.1195,0.1462,1.239,-1.2818,-28.7063,-2.4563,-31.9125
11.122904,-0.3392,-0.3419,0.8299,0.40825,1.2005,-1.12115,-28.7063,-2.4563,-31.9125
11.142904,0.0336,0.3856,0.5921,0.6043,1.3075,-0.9739,-28.7063,-2.4563,-31.9125
11.162904,-0.0501,1.3936,0.0613,0.41,1.4956,-0.776,-25.3688,-4.7063,-33.1875
11.182904,-0.4126,1.7543,-0.5989,-0.1019,1.7289,-0.7466,-25.3688,-4.7063,-33.1875
11.202904,0.012,0.6898,-0.3376,-0.4342,1.8547,-1.2012,-25.3688,-4.7063,-33.1875
11.222904,-0.2351,-1.0862,1.0768,-0.0896,2.3239,-1.6959,-23.5688,-5.87815,-33.7219
11.242904,-0.9866,-2.3391,1.1593,0.5408,2.6305,-1.4186,-21.7688,-7.05,-34.2563
11.262904,-1.7591,-1.398,0.6945,0.9232,2.6,-0.7015,-21.7688,-7.05,-34.2563
11.282904,-1.779,-0.2694,0.3638,1.104,2.1541,0.1378,-21.7688,-7.05,-34.2563
11.302904,-2.6395,-0.1396,0.9077,1.2481,1.2782,0.3981,-17.3625,-7.8375,-35.325
11.322904,0.5108,-1.0162,0.6141,1.363,0.1469,-0.2947,-17.3625,-7.8375,-35.325
11.342904,-0.6912,0.3553,-0.4087,1.4222,-0.65765,-0.78885,-17.3625,-7.8375,-35.325
11.362904,-0.5756,0.7212,-0.7555,1.3959,-1.36685,-1.1401,-8.5875,-10.0875,-36.6938
11.382904,0.20585,1.16085,-1.7758,1.1223,-1.8873,-1.7179,-8.5875,-10.0875,-36.6938
11.402904,0.22935,0.88135,-0.472,0.9379,-1.2423,-2.1223,-8.5875,-10.0875,-36.6938
11.422904,-0.2222,0.2417,0.79575,0.7936,0.3154,-2.0723,-7.0125,-13.8938,-35.8125
11.442904,-0.44435,0.12785,-0.4944,0.7497,0.9824,-1.7252,-7.0125,-13.8938,-35.8125
11.462904,-0.50485,0.01895,-1.58175,0.6104,0.3875,-1.3575,-7.0125,-13.8938,-35.8125
11.482904,-0.2851,-1.38165,-1.115,0.52,-0.0217,-0.8359,-9.6562,-17.7,-34.35
11.502904,0.8518,-2.5956,-0.0799,0.4388,-0.39015,-0.0815,-9.6562,-17.7,-34.35
11.522904,0.32,-0.0558,0.0524,0.677,-0.1959,0.41945,-9.6562,-17.7,-34.35
11.542904,0.8778,0.2442,-1.1564,0.7264,0.3447,0.3467,-6.9188,-19.65,-33.9563
11.562904,1.1343,-0.0003,-1.0689,0.45705,0.1811,-0.17615,-6.9188,-19.65,-33.9563
11.582904,1.2145,-0.4572,-0.84925,0.2414,0.1151,-0.5635,-6.9188,-19.65,-33.9563
11.602904,2.1506,-0.2507,0.036,0.36295,0.62515,-0.8975,-6.825,-21.0188,-33.1875
11.622904,1.5519,-0.9292,-0.9389,0.4063,0.908,-0.9978,-6.825,-21.0188,-33.1875
11.642904,1.354,-1.2692,-0.9678,0.2946,0.83285,-0.98125,-6.825,-21.0188,-33.1875
11.662904,0.3511,-1.4257,-1.2544,0.1449,0.77045,-0.798,-6.4313,-22.575,-32.3063
11.682904,0.2894,-1.0311,-0.3867,0.18525,0.46325,-0.7821,-6.4313,-22.575,-32.3063
11.702904,0.4325,-1.1342,-0.3882,0.3795,0.13155,-0.7528,-6.4313,-22.575,-32.3063
11.722904,0.4718,-1.0725,-0.8855,0.542,-0.0437,-0.6208,-4.6219,-22.9219,-32.05315
11.742904,3.138,-1.281,-1.9244,0.4333,-0.37605,-0.32145,-2.8125,-23.2688,-31.8
11.762904,3.0292,0.4661,-2.7429,0.2585,-0.16285,-0.40035,-2.8125,-23.2688,-31.8
11.782904,2.9706,0.6848,-2.8287,0.00935,-0.34795,-0.52065,-2.8125,-23.2688,-31.8
11.802904,2.1821,0.1878,-2.3582,-0.3303,-0.25385,-0.57375,-0.675,-24.3375,-31.2375
11.822904,0.988,-0.2492,-0.9788,-0.5392,0.1175,-0.59335,-0.675,-24.3375,-31.2375
11.842904,-0.6925,-1.4143,-0.1514,-0.503766667,0.159866667,-0.360633333,-0.675,-24.3375,-31.2375
11.862904,-0.6925,-1.4143,-0.1514,-0.485433333,0.152133333,-0.341066667,-0.675,-24.3375,-31.2375
11.882904,-1.6758,-1.3296,0.1918,-0.0896,0.1585,-0.1389,-0.675,-24.2438,-31.0313
11.902904,-2.0238,-1.0052,-0.1589,-0.25515,0.15965,-0.1047,-0.675,-24.2438,-31.0313
11.922904,-1.7565,-1.1263,0.4777,-0.28935,0.1156,-0.08085,0.1125,-23.5688,-31.5188
11.942904,-1.3879,-1.182,0.5371,-0.1446,-0.1457,-0.1028,0.1125,-23.5688,-31.5188
11.962904,-1.3034,-0.7845,0.2191,-0.0175,-0.3107,-0.1792,0.1125,-23.5688,-31.5188
11.982904,-1.0285,-0.2587,-0.0768,-0.1592,-0.1365,-0.0308,0.3938,-23.0813,-31.8
12.002904,-0.166,-0.1463,0.0038,-0.2711,0.0888,0.0212,0.3938,-23.0813,-31.8
12.022904,0.1325,-0.2365,0.0623,-0.2412,-0.0645,0.0217,0.3938,-23.0813,-31.8
12.042904,0.3096,-0.2612,0.0047,-0.1177,-0.3956,-0.0258,0.6,-22.6875,-31.725
12.062904,0.468,-0.6957,0.0966,0.0106,-0.5446,-0.0038,0.6,-22.6875,-31.725
12.082904,0.5491,-0.7995,0.5071,0.1192,-0.2758,0.0792,0.6,-22.6875,-31.725
12.102904,0.4221,-0.9176,0.6143,0.1204,-0.0425,0.1928,0.0188,-21.8063,-31.9125
12.122904,0.4189,-0.7302,0.2031,0.0851,0.0026,0.1684,0.0188,-21.8063,-31.9125
12.142904,0.2414,-0.5011,-0.3208,0.0239,-0.0487,0.0829,0.0188,-21.8063,-31.9125
12.162904,0.2749,-0.6176,-0.152,-0.0506,0.043,0.0291,-0.4688,-21.9,-31.725
12.182904,0.0601,-0.7522,0.4077,-0.0969,0.1273,0.0206,-0.4688,-21.9,-31.725
12.202904,-0.2499,-0.5841,1.4257,0.939,0.429,-0.0441,-0.4688,-21.9,-31.725
12.222904,-0.4024,-2.0842,0.3485,1.0722,-0.8085,-0.0698,-0.4688,-21.9,-31.725
12.242904,-0.2237,-0.7677,-1.4459,0.1865,-0.2637,0.2234,-0.8625,-21.9,-32.1938
12.262904,1.3384,0.8714,-1.7661,-0.7659,0.67095,0.11465,-0.8625,-21.9,-32.1938
12.282904,1.12745,0.6262,0.30585,-1.0389,0.8444,-0.021,-0.8625,-21.9,-32.1938
12.302904,0.053,-1.1457,1.3227,-0.3664,0.5824,-0.203,-0.4688,-23.0813,-31.3125
12.322904,-0.39225,-1.1007,0.9828,0.2402,0.1627,-0.1517,-0.4688,-23.0813,-31.3125
