time,ax,ay,az,wx,wy,wz,Bx,By,Bz,Unnamed: 10,time_diff,acc_mag,acc_mag_filtered,label
0.081076,0.0,0.0,0.0,-0.0389,-0.055,-0.0162,0.0,0.0,0.0,,0.0,0.0,0.0001913222960065094,non_fall
0.081296,0.0,0.0,0.0,-0.0154,0.0397,-0.0024,0.0,0.0,0.0,,0.00021999999999999797,0.0,0.00021990621910804634,non_fall
0.140158,0.0,0.0,0.0,-0.0154,0.0397,-0.0024,-24.5438,16.0312,38.9813,,0.05886200000000001,0.0,0.00019581864251040586,non_fall
0.173266,0.0,0.0,0.0,-0.0133,0.0085,0.0076,-24.5438,16.0312,38.9813,,0.033108,0.0,0.00010219690856917794,non_fall
0.198661,0.0,0.0,0.0,-0.0133,0.0085,0.0076,-24.1875,16.0312,39.525,,0.025395,0.0,-6.512631580479755e-05,non_fall
0.233828,0.0,0.0,0.0,-0.0201,0.0064,0.0097,-24.1875,16.0312,39.525,,0.035167000000000004,0.0,-0.00029062758401393195,non_fall
0.255512,0.0,0.0,0.0,-0.0201,0.0064,0.0097,-24.1875,16.0312,39.525,,0.02168400000000001,0.0,-0.0005345102902048569,non_fall
0.258765,0.0,0.0,0.0,-0.0201,0.0064,0.0097,-24.3,15.9375,39.6562,,0.003253000000000006,0.0,-0.0007327597231751028,non_fall
0.295688,0.0,0.0,0.0,-0.0314,-0.0029,0.0101,-24.3,15.9375,39.6562,,0.036922999999999984,0.0,-0.0008035895457809232,non_fall
0.315008,0.0,0.0,0.0,-0.0314,-0.0029,0.0101,-24.3,15.9375,39.6562,,0.019320000000000004,0.0,-0.0006607998613523306,non_fall
0.322862,0.0,0.0,0.0,-0.0314,-0.0029,0.0101,-24.0938,15.7313,39.6,,0.007853999999999972,0.0,-0.00023258418233082262,non_fall
0.334972,0.0,0.0,0.0,-0.0314,-0.0029,0.0101,-24.0938,15.7313,39.6,,0.01211000000000001,0.0,0.0005181588986481024,non_fall
0.355527,0.0,0.0,0.0,-0.0461,-0.0128,0.0112,-24.0938,15.7313,39.6,,0.02055499999999999,0.0,0.0015783998666743654,non_fall
0.376133,0.0,0.0,0.0,-0.0461,-0.0128,0.0112,-24.0938,15.7313,39.6,,0.020606000000000013,0.0,0.0028824231618105357,non_fall
0.376894,0.0,0.0,0.0,-0.0461,-0.0128,0.0112,-24.0375,15.8063,39.6188,,0.0007610000000000117,0.0,0.004329832080185388,non_fall
0.416476,0.0,0.0,0.0,-0.068,-0.0177,0.0048,-24.0375,15.8063,39.6188,,0.039582000000000006,0.0,0.005828478635128394,non_fall
0.417492,0.0062,0.0028,0.0117,-0.068,-0.0177,0.0048,-24.0375,15.8063,39.6188,,0.0010159999999999614,0.013534031180694095,0.007359461478100093,non_fall
0.438607,0.0062,0.0028,0.0117,-0.068,-0.0177,0.0048,-24.1313,15.7313,39.525,,0.02111500000000005,0.013534031180694095,0.009050840441396953,non_fall
0.439844,0.0062,0.0028,0.0117,-0.068,-0.0177,0.0048,-24.1313,15.7313,39.525,,0.0012369999999999881,0.013534031180694095,0.011236638652883187,non_fall
0.477417,-0.0074,0.0053,0.0248,-0.068,-0.0177,0.0048,-24.1313,15.7313,39.525,,0.03757299999999997,0.02641760776451948,0.014473808429268379,non_fall
0.478512,-0.0074,0.0053,0.0248,-0.1024,-0.0305,-0.0027,-24.1313,15.7313,39.525,,0.0010950000000000126,0.02641760776451948,0.019495900352495137,non_fall
0.498363,-0.0074,0.0053,0.0248,-0.1024,-0.0305,-0.0027,-24.1688,15.6938,39.5438,,0.019851000000000008,0.02641760776451948,0.027097848562473104,non_fall
0.499752,-0.0074,0.0053,0.0248,-0.1024,-0.0305,-0.0027,-24.1688,15.6938,39.5438,,0.0013889999999999736,0.02641760776451948,0.03796842349295834,non_fall
0.538988,-0.0074,0.0053,0.0248,-0.1816,-0.0166,-0.0397,-24.1688,15.6938,39.5438,,0.03923600000000005,0.02641760776451948,0.05250911230677726,non_fall
0.540807,-0.05,0.0003,0.0802,-0.1816,-0.0166,-0.0397,-24.1688,15.6938,39.5438,,0.001819000000000015,0.0945099465664858,0.07068963470848587,non_fall
0.559532,-0.05,0.0003,0.0802,-0.1816,-0.0166,-0.0397,-24.075,15.6375,39.6188,,0.01872499999999999,0.0945099465664858,0.09198248581118432,non_fall
0.563933,-0.05,0.0003,0.0802,-0.1816,-0.0166,-0.0397,-24.075,15.6375,39.6188,,0.004400999999999988,0.0945099465664858,0.1153972354711063,non_fall
0.599896,-0.05,0.0003,0.0802,-0.3076,-0.0217,-0.0919,-24.075,15.6375,39.6188,,0.03596299999999997,0.0945099465664858,0.13961553435084012,non_fall
0.601283,-0.0981,0.0276,0.1853,-0.3076,-0.0217,-0.0919,-24.075,15.6375,39.6188,,0.001387000000000027,0.21147449018735098,0.1632137903193236,non_fall
0.621338,-0.0981,0.0276,0.1853,-0.3076,-0.0217,-0.0919,-24.075,15.6375,39.6188,,0.020054999999999934,0.21147449018735098,0.18493908943955822,non_fall
0.622058,-0.0981,0.0276,0.1853,-0.3076,-0.0217,-0.0919,-24.0938,15.3563,39.8063,,0.0007200000000000539,0.21147449018735098,0.20397458803105267,non_fall
0.662845,-0.0981,0.0276,0.1853,-0.4401,0.0539,-0.1071,-24.0938,15.3563,39.8063,,0.04078700000000002,0.21147449018735098,0.22012105522877348,non_fall
0.678734,-0.0981,0.0276,0.1853,-0.4401,0.0539,-0.1071,-24.2063,14.925,39.9938,,0.01588899999999993,0.21147449018735098,0.23385199335531628,non_fall
0.680305,-0.0981,0.0276,0.1853,-0.4401,0.0539,-0.1071,-24.2063,14.925,39.9938,,0.0015710000000001,0.21147449018735098,0.24624945926855862,non_fall
0.681133,-0.0814,0.0121,0.296,-0.4401,0.0539,-0.1071,-24.2063,14.925,39.9938,,0.0008279999999999399,0.3072269031188512,0.2588540280456076,non_fall
0.721459,-0.0814,0.0121,0.296,-0.5292,-0.0629,-0.0233,-24.2063,14.925,39.9938,,0.04032599999999997,0.3072269031188512,0.27344777861749453,non_fall
0.738506,-0.0814,0.0121,0.296,-0.5292,-0.0629,-0.0233,-24.1688,14.4563,40.1438,,0.017047000000000034,0.3072269031188512,0.2917588922669398,non_fall
0.740607,-0.0814,0.0121,0.296,-0.5292,-0.0629,-0.0233,-24.1688,14.4563,40.1438,,0.0021010000000000195,0.3072269031188512,0.3150752935670348,non_fall
0.741547,0.1252,0.0016,0.3128,-0.5292,-0.0629,-0.0233,-24.1688,14.4563,40.1438,,0.0009399999999999409,0.33692942881262244,0.3438029970126929,non_fall
0.783161,0.1252,0.0016,0.3128,-0.5366,-0.1065,0.1152,-24.1688,14.4563,40.1438,,0.04161400000000004,0.33692942881262244,0.37707645205524254,non_fall
0.798283,0.1252,0.0016,0.3128,-0.5366,-0.1065,0.1152,-24.3188,13.8375,40.4062,,0.015121999999999969,0.33692942881262244,0.4125763154675966,non_fall
0.801716,0.1252,0.0016,0.3128,-0.5366,-0.1065,0.1152,-24.3188,13.8375,40.4062,,0.0034330000000000194,0.33692942881262244,0.4467003043541352,non_fall
0.802237,0.5649,-0.0451,0.1123,-0.5366,-0.1065,0.1152,-24.3188,13.8375,40.4062,,0.0005209999999999937,0.5777173270726783,0.47514755240855444,non_fall
0.844512,0.5649,-0.0451,0.1123,-0.5573,-0.0965,0.1879,-24.3188,13.8375,40.4062,,0.04227500000000006,0.5777173270726783,0.4938218206800608,non_fall
0.858043,0.5649,-0.0451,0.1123,-0.5573,-0.0965,0.1879,-24.3563,13.1063,40.6875,,0.01353099999999996,0.5777173270726783,0.49979346558961063,non_fall
0.862805,0.5649,-0.0451,0.1123,-0.5573,-0.0965,0.1879,-24.3563,13.1063,40.6875,,0.004762000000000044,0.5777173270726783,0.49199097841001577,non_fall
0.883963,0.348,-0.0649,0.09,-0.5573,-0.0965,0.1879,-24.3563,13.1063,40.6875,,0.02115800000000001,0.36526156381420694,0.4713899423788808,non_fall
0.903658,0.348,-0.0649,0.09,-0.6304,-0.0888,0.2298,-24.3563,13.1063,40.6875,,0.019694999999999907,0.36526156381420694,0.4406877138038485,non_fall
0.919383,0.348,-0.0649,0.09,-0.6304,-0.0888,0.2298,-24.2438,12.2063,41.1,,0.01572499999999999,0.36526156381420694,0.40366490529586446,non_fall
0.923626,0.348,-0.0649,0.09,-0.6304,-0.0888,0.2298,-24.2438,12.2063,41.1,,0.004242999999999997,0.36526156381420694,0.36451599914849814,non_fall
0.944783,0.166,-0.0094,0.2918,-0.6304,-0.0888,0.2298,-24.2438,12.2063,41.1,,0.021157000000000092,0.3358446069240952,0.3273518609672428,non_fall
0.964584,0.166,-0.0094,0.2918,-0.6338,-0.3746,0.3519,-24.2438,12.2063,41.1,,0.019800999999999958,0.3358446069240952,0.29591423844459197,non_fall
0.978648,0.166,-0.0094,0.2918,-0.6338,-0.3746,0.3519,-24.0375,11.2125,41.625,,0.014063999999999965,0.3358446069240952,0.27340658531331574,non_fall
0.984688,0.166,-0.0094,0.2918,-0.6338,-0.3746,0.3519,-24.0375,11.2125,41.625,,0.006040000000000045,0.3358446069240952,0.2623005039732746,non_fall
1.007844,-0.0878,0.04,0.1808,-0.6338,-0.3746,0.3519,-24.0375,11.2125,41.625,,0.023155999999999954,0.20493286705650707,0.26403110328132084,non_fall
1.025167,-0.0878,0.04,0.1808,-0.7535,-0.4324,0.4013,-24.0375,11.2125,41.625,,0.017322999999999977,0.20493286705650707,0.2786216420204588,non_fall
1.038749,-0.0878,0.04,0.1808,-0.7535,-0.4324,0.4013,-23.8875,10.1438,42.0188,,0.013581999999999983,0.20493286705650707,0.30441563270530636,non_fall
1.04497,-0.0878,0.04,0.1808,-0.7535,-0.4324,0.4013,-23.8875,10.1438,42.0188,,0.006221000000000032,0.20493286705650707,0.33815122258477814,non_fall
1.06583,0.2758,-0.213,0.3828,-0.7535,-0.4324,0.4013,-23.8875,10.1438,42.0188,,0.0208600000000001,0.5176586520092173,0.3755199432734183,non_fall
1.086604,0.2758,-0.213,0.3828,-0.9091,-0.5197,0.391,-23.8875,10.1438,42.0188,,0.020773999999999848,0.5176586520092173,0.4121284070994502,lateral_fall
1.098605,0.2758,-0.213,0.3828,-0.9091,-0.5197,0.391,-23.2875,9.0375,42.6375,,0.01200100000000015,0.5176586520092173,0.4445463035264629,lateral_fall
1.10662,0.2758,-0.213,0.3828,-0.9091,-0.5197,0.391,-23.2875,9.0375,42.6375,,0.008014999999999883,0.5176586520092173,0.4710307650544407,lateral_fall
1.146831,0.2758,-0.213,0.3828,-1.0527,-0.2794,0.4708,-23.2875,9.0375,42.6375,,0.040211,0.5176586520092173,0.49163610969765426,lateral_fall
1.147743,0.311,-0.171,0.2522,-1.0527,-0.2794,0.4708,-23.2875,9.0375,42.6375,,0.0009120000000000239,0.4353927422454352,0.5076792811060735,lateral_fall
1.158142,0.311,-0.171,0.2522,-1.0527,-0.2794,0.4708,-22.575,7.8188,43.275,,0.010399000000000047,0.4353927422454352,0.5207963978978641,lateral_fall
1.166445,0.311,-0.171,0.2522,-1.0527,-0.2794,0.4708,-22.575,7.8188,43.275,,0.00830299999999995,0.4353927422454352,0.5319858315506268,lateral_fall
1.209025,0.311,-0.171,0.2522,-1.034,0.0188,0.7001,-22.575,7.8188,43.275,,0.04258000000000006,0.4353927422454352,0.5410356158494534,lateral_fall
1.210236,0.6057,-0.1651,0.0487,-1.034,0.0188,0.7001,-22.575,7.8188,43.275,,0.0012110000000000731,0.6296841986265813,0.5465748185264093,lateral_fall
1.219094,0.6057,-0.1651,0.0487,-1.034,0.0188,0.7001,-21.975,6.4125,43.7063,,0.00885799999999981,0.6296841986265813,0.5467241758397774,lateral_fall
1.228493,0.6057,-0.1651,0.0487,-1.034,0.0188,0.7001,-21.975,6.4125,43.7063,,0.009399000000000157,0.6296841986265813,0.5400621275711984,lateral_fall
1.268518,0.6057,-0.1651,0.0487,-0.8739,0.0991,1.1276,-21.975,6.4125,43.7063,,0.04002499999999998,0.6296841986265813,0.5264947962093185,lateral_fall
1.269725,0.4243,-0.0109,-0.0824,-0.8739,0.0991,1.1276,-21.975,6.4125,43.7063,,0.001206999999999958,0.4323644990051797,0.5076882144367617,lateral_fall
1.278184,0.4243,-0.0109,-0.0824,-0.8739,0.0991,1.1276,-21.3938,5.0625,44.2125,,0.008458999999999994,0.4323644990051797,0.4869441143520102,lateral_fall
1.289568,0.4243,-0.0109,-0.0824,-0.8739,0.0991,1.1276,-21.3938,5.0625,44.2125,,0.01138400000000006,0.4323644990051797,0.4686493603610392,lateral_fall
1.330047,0.4243,-0.0109,-0.0824,-0.7855,0.3103,1.5054,-21.3938,5.0625,44.2125,,0.04047899999999993,0.4323644990051797,0.4575745430029383,lateral_fall
1.338903,0.4243,-0.0109,-0.0824,-0.7855,0.3103,1.5054,-20.9438,3.6375,44.5688,,0.008855999999999975,0.4323644990051797,0.4582886188423829,lateral_fall
1.350974,0.4243,-0.0109,-0.0824,-0.7855,0.3103,1.5054,-20.9438,3.6375,44.5688,,0.012070999999999943,0.4323644990051797,0.47483873271073573,lateral_fall
1.351826,-0.5065,-0.2077,-0.2497,-0.7855,0.3103,1.5054,-20.9438,3.6375,44.5688,,0.0008520000000000749,0.6016906431049098,0.5106970872779917,lateral_fall
1.391083,-0.5065,-0.2077,-0.2497,-1.0322,0.2957,1.6715,-20.9438,3.6375,44.5688,,0.0392570000000001,0.6016906431049098,0.568853080490408,lateral_fall
1.396892,-0.5065,-0.2077,-0.2497,-1.0322,0.2957,1.6715,-20.6625,2.5125,44.9625,,0.005808999999999953,0.6016906431049098,0.6518587588028849,lateral_fall
1.411074,0.4972,-0.8283,0.1251,-1.0322,0.2957,1.6715,-20.6625,2.5125,44.9625,,0.014181999999999917,0.9741348674593266,0.7616412599049448,lateral_fall
1.412381,0.4972,-0.8283,0.1251,-1.0322,0.2957,1.6715,-20.6625,2.5125,44.9625,,0.0013070000000001691,0.9741348674593266,0.8989799546912995,lateral_fall
1.452965,0.4972,-0.8283,0.1251,-1.6832,1.5161,2.626,-20.6625,2.5125,44.9625,,0.04058399999999995,0.9741348674593266,1.062700470449354,lateral_fall
1.458568,0.4972,-0.8283,0.1251,-1.6832,1.5161,2.626,-20.7375,1.4438,44.9813,,0.005603000000000025,0.9741348674593266,1.248854910050477,lateral_fall
1.471392,0.4972,-0.8283,0.1251,-1.6832,1.5161,2.626,-20.7375,1.4438,44.9813,,0.012823999999999947,0.9741348674593266,1.4503617949683587,lateral_fall
1.471916,0.4641,-1.6007,1.2563,-1.6832,1.5161,2.626,-20.7375,1.4438,44.9813,,0.0005239999999999689,2.0870838483395917,1.6575805008925042,lateral_fall
1.512788,0.4641,-1.6007,1.2563,-1.8192,3.1616,3.063,-20.7375,1.4438,44.9813,,0.04087200000000002,2.0870838483395917,1.8599504763905788,lateral_fall
1.518726,0.4641,-1.6007,1.2563,-1.8192,3.1616,3.063,-21.75,0.6188,44.4375,,0.005937999999999999,2.0870838483395917,2.048292367554407,lateral_fall
1.53451,0.4641,-1.6007,1.2563,-1.8192,3.1616,3.063,-21.75,0.6188,44.4375,,0.01578400000000002,2.0870838483395917,2.217050511462267,lateral_fall
1.535287,-0.233,-1.5194,1.8946,-1.8192,3.1616,3.063,-21.75,0.6188,44.4375,,0.0007770000000000277,2.4397488641251583,2.3658832153716842,lateral_fall
1.573691,-0.233,-1.5194,1.8946,-1.8711,2.4332,0.7843,-21.75,0.6188,44.4375,,0.03840399999999988,2.4397488641251583,2.50038267836885,lateral_fall
1.577829,-0.233,-1.5194,1.8946,-1.8711,2.4332,0.7843,-23.7938,0.15,43.0312,,0.004137999999999975,2.4397488641251583,2.63198708426556,lateral_fall
1.594401,-0.233,-1.5194,1.8946,-1.8711,2.4332,0.7843,-23.7938,0.15,43.0312,,0.01657200000000003,2.4397488641251583,2.7771948584315327,lateral_fall
1.615902,-0.1622,3.0047,2.1588,-1.8711,2.4332,0.7843,-23.7938,0.15,43.0312,,0.021500999999999992,3.7033698667564927,2.9560385390090897,lateral_fall
1.634601,-0.1622,3.0047,2.1588,-2.3632,0.7756,1.2231,-23.7938,0.15,43.0312,,0.01869900000000002,3.7033698667564927,3.189504002628337,lateral_fall
1.63812,-0.1622,3.0047,2.1588,-2.3632,0.7756,1.2231,-26.3813,-0.225,41.0438,,0.00351900000000005,3.7033698667564927,3.495429325801033,lateral_fall
1.655079,-0.1622,3.0047,2.1588,-2.3632,0.7756,1.2231,-26.3813,-0.225,41.0438,,0.016958999999999946,3.7033698667564927,3.8827722233616973,lateral_fall
1.675687,-2.0014,2.4536,-2.7379,-2.3632,0.7756,1.2231,-26.3813,-0.225,41.0438,,0.02060799999999996,4.1859110513722095,4.345107960564793,lateral_fall
1.695205,-2.0014,2.4536,-2.7379,-2.7419,1.081,0.9377,-26.3813,-0.225,41.0438,,0.019518000000000146,4.1859110513722095,4.855366325566054,lateral_fall
1.701087,-2.0014,2.4536,-2.7379,-2.7419,1.081,0.9377,-29.0813,-0.6562,38.9813,,0.005881999999999943,4.1859110513722095,5.364463437066756,lateral_fall
1.716963,-2.0014,2.4536,-2.7379,-2.7419,1.081,0.9377,-29.0813,-0.6562,38.9813,,0.015876,4.1859110513722095,5.806169735944169,lateral_fall
1.73596,-1.294,-3.7197,-6.0897,-2.7419,1.081,0.9377,-29.0813,-0.6562,38.9813,,0.01899699999999993,7.252244492569179,6.1090659469773145,lateral_fall
1.757253,-1.294,-3.7197,-6.0897,-1.2839,0.0298,-0.3843,-29.0813,-0.6562,38.9813,,0.021293000000000006,7.252244492569179,6.213874198507975,lateral_fall
1.758325,-1.294,-3.7197,-6.0897,-1.2839,0.0298,-0.3843,-31.9125,-1.4062,36.5813,,0.0010719999999999619,7.252244492569179,6.091644147636999,lateral_fall
1.776584,-1.294,-3.7197,-6.0897,-1.2839,0.0298,-0.3843,-31.9125,-1.4062,36.5813,,0.018259000000000025,7.252244492569179,5.756737462398416,lateral_fall
1.81767,-1.294,-3.7197,-6.0897,0.3743,-4.7087,-0.1047,-31.9125,-1.4062,36.5813,,0.041085999999999956,7.252244492569179,5.26944254335902,lateral_fall
1.819062,1.5488,-1.8569,-0.3326,0.3743,-4.7087,-0.1047,-31.9125,-1.4062,36.5813,,0.0013920000000000599,2.44079532325019,4.726288041623924,lateral_fall
1.820231,1.5488,-1.8569,-0.3326,0.3743,-4.7087,-0.1047,-33.75,-2.1188,35.3063,,0.0011689999999999756,2.44079532325019,4.240560154161247,lateral_fall
1.838139,1.5488,-1.8569,-0.3326,0.3743,-4.7087,-0.1047,-33.75,-2.1188,35.3063,,0.017908000000000035,2.44079532325019,3.919339263512969,lateral_fall
1.879535,1.5488,-1.8569,-0.3326,0.3743,-4.7087,-0.1047,-34.3313,-2.475,34.6313,,0.04139599999999999,2.44079532325019,3.844541061759205,lateral_fall
1.880931,5.4646,-2.5828,-1.2293,0.3743,-4.7087,-0.1047,-34.3313,-2.475,34.6313,,0.0013959999999999528,6.16797272124318,4.063071168377333,lateral_fall
1.881849,5.4646,-2.5828,-1.2293,0.0506,-3.2958,1.5976,-34.3313,-2.475,34.6313,,0.0009180000000001964,6.16797272124318,4.586564125504849,lateral_fall
1.899507,5.4646,-2.5828,-1.2293,0.0506,-3.2958,1.5976,-34.3313,-2.475,34.6313,,0.01765799999999995,6.16797272124318,5.397050499419571,lateral_fall
1.941471,5.4646,-2.5828,-1.2293,0.0506,-3.2958,1.5976,-35.7188,-2.2688,33.15,,0.04196399999999989,6.16797272124318,6.453616455061379,lateral_fall
1.943104,5.4646,-2.5828,-1.2293,0.3417,4.8752,1.282,-35.7188,-2.2688,33.15,,0.0016329999999999956,6.16797272124318,7.696997515165622,lateral_fall
1.944501,-0.0216,-6.3538,-7.2689,0.3417,4.8752,1.282,-35.7188,-2.2688,33.15,,0.0013970000000000926,9.654436711170673,9.052244772042787,lateral_fall
1.959034,-0.0216,-6.3538,-7.2689,0.3417,4.8752,1.282,-35.7188,-2.2688,33.15,,0.014532999999999907,9.654436711170673,10.43175202752721,lateral_fall
1.999562,-0.0216,-6.3538,-7.2689,2.5213,4.1943,2.0374,-35.7188,-2.2688,33.15,,0.04052800000000012,9.654436711170673,11.74102577557326,lateral_fall
2.000748,2.7644,-3.2467,14.213,2.5213,4.1943,2.0374,-35.7188,-2.2688,33.15,,0.0011860000000001314,14.838879245077775,12.888144104509959,lateral_fall
2.001745,2.7644,-3.2467,14.213,2.5213,4.1943,2.0374,-36.8625,-1.2,31.1438,,0.0009969999999999146,14.838879245077775,13.79577994439576,lateral_fall
2.020798,2.7644,-3.2467,14.213,2.5213,4.1943,2.0374,-36.8625,-1.2,31.1438,,0.019052999999999987,14.838879245077775,14.412762784838282,lateral_fall
2.060552,2.7644,-3.2467,14.213,2.5213,4.1943,2.0374,-37.5375,0.2438,29.0438,,0.039753999999999845,14.838879245077775,14.721458530342241,lateral_fall
2.061899,2.7644,-3.2467,14.213,-0.1277,-0.0884,0.2784,-37.5375,0.2438,29.0438,,0.001346999999999987,14.838879245077775,14.738412439048568,lateral_fall
2.081769,2.7644,-3.2467,14.213,-0.1277,-0.0884,0.2784,-37.5375,0.2438,29.0438,,0.019870000000000054,14.838879245077775,14.508051198829486,lateral_fall
2.08251,-1.843,12.6487,0.6164,-0.1277,-0.0884,0.2784,-37.5375,0.2438,29.0438,,0.0007410000000001027,12.79711723983179,14.091424899085162,lateral_fall
2.118433,-1.843,12.6487,0.6164,-0.1277,-0.0884,0.2784,-37.6313,1.8375,27.3563,,0.03592299999999993,12.79711723983179,13.553230839725858,lateral_fall
2.121393,-1.843,12.6487,0.6164,-0.2349,-0.1708,0.2976,-37.6313,1.8375,27.3563,,0.0029599999999998516,12.79711723983179,12.95055238930614,lateral_fall
2.141873,-1.843,12.6487,0.6164,-0.2349,-0.1708,0.2976,-37.6313,1.8375,27.3563,,0.020480000000000054,12.79711723983179,12.325817154625836,lateral_fall
2.14266,3.1156,-0.536,-11.1885,-0.2349,-0.1708,0.2976,-37.6313,1.8375,27.3563,,0.0007869999999998711,11.626555449057129,11.70469988584921,lateral_fall
2.178325,3.1156,-0.536,-11.1885,-0.2349,-0.1708,0.2976,-37.7438,3.6938,25.8375,,0.03566500000000028,11.626555449057129,11.09791871822807,lateral_fall
2.182841,3.1156,-0.536,-11.1885,0.3502,-0.1434,-0.1068,-37.7438,3.6938,25.8375,,0.0045159999999997424,11.626555449057129,10.504958264075627,lateral_fall
2.207232,-1.5784,3.5728,7.7574,0.3502,-0.1434,-0.1068,-37.7438,3.6938,25.8375,,0.02439100000000005,8.685246177282483,9.917935532025695,lateral_fall
2.208808,-1.5784,3.5728,7.7574,0.3502,-0.1434,-0.1068,-37.7438,3.6938,25.8375,,0.0015760000000000218,8.685246177282483,9.324784187382088,lateral_fall
2.238515,-1.5784,3.5728,7.7574,0.3502,-0.1434,-0.1068,-37.5188,6.2063,24.4313,,0.02970700000000015,8.685246177282483,8.712007779794616,lateral_fall
2.241727,-1.5784,3.5728,7.7574,-0.0893,0.3056,0.0261,-37.5188,6.2063,24.4313,,0.0032119999999999926,8.685246177282483,8.06762183941404,lateral_fall
2.26502,-1.5784,3.5728,7.7574,-0.0893,0.3056,0.0261,-37.5188,6.2063,24.4313,,0.023292999999999786,8.685246177282483,7.384276415032966,lateral_fall
2.285072,-0.9654,3.4262,-4.1325,-0.0893,0.3056,0.0261,-37.5188,6.2063,24.4313,,0.02005200000000018,5.454209369835375,6.661696096917848,lateral_fall
2.298383,-0.9654,3.4262,-4.1325,-0.0893,0.3056,0.0261,-38.1188,8.625,22.3313,,0.01331099999999985,5.454209369835375,5.907545673029375,lateral_fall
2.307175,-0.9654,3.4262,-4.1325,-0.0041,0.1863,0.0338,-38.1188,8.625,22.3313,,0.008792000000000133,5.454209369835375,5.136645199229388,lateral_fall
2.324528,-0.9654,3.4262,-4.1325,-0.0041,0.1863,0.0338,-38.1188,8.625,22.3313,,0.017352999999999952,5.454209369835375,4.369130196810998,lateral_fall
2.344569,-0.5189,1.9398,1.6477,-0.0041,0.1863,0.0338,-38.1188,8.625,22.3313,,0.020040999999999976,2.5974981308944187,3.6280872954510293,lateral_fall
2.358213,-0.5189,1.9398,1.6477,-0.0041,0.1863,0.0338,-39.8063,10.6875,19.2938,,0.013644000000000212,2.5974981308944187,2.93689987438375,lateral_fall
2.365048,-0.5189,1.9398,1.6477,-0.0105,-0.0198,-0.0354,-39.8063,10.6875,19.2938,,0.006834999999999702,2.5974981308944187,2.3165949377621193,lateral_fall
2.38566,-0.5189,1.9398,1.6477,-0.0105,-0.0198,-0.0354,-39.8063,10.6875,19.2938,,0.020612000000000297,2.5974981308944187,1.7836193786248191,lateral_fall
2.406478,0.457,0.1293,-0.5501,-0.0105,-0.0198,-0.0354,-39.8063,10.6875,19.2938,,0.02081799999999978,0.7267582128878903,1.3482720448438272,lateral_fall
2.417862,0.457,0.1293,-0.5501,-0.0105,-0.0198,-0.0354,-40.7438,12.2813,17.0063,,0.01138400000000006,0.7267582128878903,1.0137653938882671,lateral_fall
2.426014,0.457,0.1293,-0.5501,-0.128,0.1374,0.0136,-40.7438,12.2813,17.0063,,0.008151999999999937,0.7267582128878903,0.7759968905142356,lateral_fall
2.446731,0.457,0.1293,-0.5501,-0.128,0.1374,0.0136,-40.7438,12.2813,17.0063,,0.02071700000000032,0.7267582128878903,0.6243174328947878,lateral_fall
2.466638,-0.055,-0.0656,-0.6155,-0.128,0.1374,0.0136,-40.7438,12.2813,17.0063,,0.019906999999999897,0.6214246615640547,0.5434177871752827,lateral_fall
2.477829,-0.055,-0.0656,-0.6155,-0.128,0.1374,0.0136,-40.8188,12.825,16.0312,,0.011190999999999729,0.6214246615640547,0.5159828589181389,lateral_fall
2.486869,-0.055,-0.0656,-0.6155,-0.0638,-0.0795,0.0008,-40.8188,12.825,16.0312,,0.009040000000000159,0.6214246615640547,0.5254222965517941,lateral_fall
2.506797,-0.055,-0.0656,-0.6155,-0.0638,-0.0795,0.0008,-40.8188,12.825,16.0312,,0.019928000000000168,0.6214246615640547,0.5579918800694909,lateral_fall
2.540103,-0.055,-0.0656,-0.6155,-0.0638,-0.0795,0.0008,-40.6125,12.7875,15.825,,0.03330600000000006,0.6214246615640547,0.6038772212953286,lateral_fall
2.548722,-0.055,-0.0656,-0.6155,0.1418,-0.4161,-0.1756,-40.6125,12.7875,15.825,,0.008618999999999932,0.6214246615640547,0.6571514235586472,lateral_fall
2.549989,0.4025,0.0077,0.5461,0.1418,-0.4161,-0.1756,-40.6125,12.7875,15.825,,0.001266999999999907,0.6784473081971805,0.7148280926079058,lateral_fall
2.56804,0.4025,0.0077,0.5461,0.1418,-0.4161,-0.1756,-40.6125,12.7875,15.825,,0.018050999999999817,0.6784473081971805,0.7754411555676768,lateral_fall
2.598696,0.4025,0.0077,0.5461,0.1418,-0.4161,-0.1756,-40.65,12.7875,15.8063,,0.030656000000000017,0.6784473081971805,0.837654129242387,lateral_fall
2.613144,0.9215,0.1436,0.3579,0.1418,-0.4161,-0.1756,-40.65,12.7875,15.8063,,0.014448000000000238,0.9989372452761985,0.8993245142082683,lateral_fall
2.614014,0.9215,0.1436,0.3579,0.0278,-0.4193,-0.4629,-40.65,12.7875,15.8063,,0.0008699999999999264,0.9989372452761985,0.9572483327717013,lateral_fall
2.630512,0.9215,0.1436,0.3579,0.0278,-0.4193,-0.4629,-40.65,12.7875,15.8063,,0.0164979999999999,0.9989372452761985,1.0075622845962617,lateral_fall
2.660324,0.9215,0.1436,0.3579,0.0278,-0.4193,-0.4629,-40.4813,12.5063,16.05,,0.02981200000000017,0.9989372452761985,1.0466007054185658,lateral_fall
2.669806,0.9215,0.1436,0.3579,-0.128,-0.3558,-1.0169,-40.4813,12.5063,16.05,,0.009481999999999768,0.9989372452761985,1.0719508081353437,lateral_fall
2.670538,1.1194,-0.1259,-0.3601,-0.128,-0.3558,-1.0169,-40.4813,12.5063,16.05,,0.000732000000000177,1.1826153981747405,1.0834645121926891,lateral_fall
2.689833,1.1194,-0.1259,-0.3601,-0.128,-0.3558,-1.0169,-40.4813,12.5063,16.05,,0.019295000000000062,1.1826153981747405,1.08397437712904,lateral_fall
2.718557,1.1194,-0.1259,-0.3601,-0.128,-0.3558,-1.0169,-40.5938,11.7,16.425,,0.028723999999999972,1.1826153981747405,1.0794220838011572,lateral_fall
2.730712,1.1194,-0.1259,-0.3601,-0.1032,-0.1272,-0.8771,-40.5938,11.7,16.425,,0.012154999999999916,1.1826153981747405,1.0781344819027026,lateral_fall
2.754545,1.1194,-0.1259,-0.3601,-0.1032,-0.1272,-0.8771,-40.5938,11.7,16.425,,0.02383299999999977,1.1826153981747405,1.0891560659055923,lateral_fall
2.755107,0.8058,-0.5213,-0.1016,-0.1032,-0.1272,-0.8771,-40.5938,11.7,16.425,,0.0005620000000003955,0.9650854314515372,1.1198567976418625,lateral_fall
2.780212,0.8058,-0.5213,-0.1016,-0.1032,-0.1272,-0.8771,-40.7812,10.6875,16.575,,0.025104999999999933,0.9650854314515372,1.173385863031071,lateral_fall
2.79181,0.8058,-0.5213,-0.1016,0.0495,0.0724,-0.2076,-40.7812,10.6875,16.575,,0.011597999999999775,0.9650854314515372,1.2467911264840972,lateral_fall
2.813688,0.8058,-0.5213,-0.1016,0.0495,0.0724,-0.2076,-40.7812,10.6875,16.575,,0.021878000000000064,0.9650854314515372,1.3306088327238648,lateral_fall
2.81458,-1.5668,0.2397,0.7434,0.0495,0.0724,-0.2076,-40.7812,10.6875,16.575,,0.0008919999999998929,1.7507032558374933,1.4103447599115544,lateral_fall
2.839535,-1.5668,0.2397,0.7434,0.0495,0.0724,-0.2076,-41.1,9.7313,16.9313,,0.024955000000000283,1.7507032558374933,1.4695827901876228,lateral_fall
2.853352,-1.5668,0.2397,0.7434,-0.0981,0.4147,-0.0921,-41.1,9.7313,16.9313,,0.013816999999999968,1.7507032558374933,1.493761988601088,lateral_fall
2.873304,-1.5668,0.2397,0.7434,-0.0981,0.4147,-0.0921,-41.1,9.7313,16.9313,,0.01995199999999997,1.7507032558374933,1.473357161114436,lateral_fall
2.874474,-1.0435,0.1036,-0.3324,-0.0981,0.4147,-0.0921,-41.1,9.7313,16.9313,,0.0011700000000001154,1.1000522578495988,1.4054947119204337,lateral_fall
2.899128,-1.0435,0.1036,-0.3324,-0.0981,0.4147,-0.0921,-41.2125,8.6813,17.3438,,0.024653999999999954,1.1000522578495988,1.2937667649079623,lateral_fall
2.91375,-1.0435,0.1036,-0.3324,-0.1145,0.5573,-0.2321,-41.2125,8.6813,17.3438,,0.01462199999999969,1.1000522578495988,1.1467356738353272,lateral_fall
2.934688,-1.0435,0.1036,-0.3324,-0.1145,0.5573,-0.2321,-41.2125,8.6813,17.3438,,0.020938000000000123,1.1000522578495988,0.9759621278615768,lateral_fall
2.936013,-0.1739,-0.2051,-0.4816,-0.1145,0.5573,-0.2321,-41.2125,8.6813,17.3438,,0.0013250000000000206,0.5515847894929663,0.7942701619605717,lateral_fall
2.958955,-0.1739,-0.2051,-0.4816,-0.1145,0.5573,-0.2321,-41.5125,7.5188,17.4375,,0.022942000000000018,0.5515847894929663,0.614614026293198,lateral_fall
2.973493,-0.1739,-0.2051,-0.4816,-0.138,0.3184,-0.3555,-41.5125,7.5188,17.4375,,0.01453799999999994,0.5515847894929663,0.4495838271646756,lateral_fall
2.996664,-0.1739,-0.2051,-0.4816,-0.138,0.3184,-0.3555,-41.5125,7.5188,17.4375,,0.023171000000000053,0.5515847894929663,0.3113330148659355,lateral_fall
3.01518,0.2093,0.0078,-0.0639,-0.138,0.3184,-0.3555,-41.5125,7.5188,17.4375,,0.018515999999999977,0.21897611741922907,0.21151909114765752,lateral_fall
3.018287,0.2093,0.0078,-0.0639,-0.138,0.3184,-0.3555,-41.9062,6.225,17.3063,,0.003106999999999971,0.21897611741922907,0.16080817599936242,lateral_fall
3.035815,0.2093,0.0078,-0.0639,-0.1652,0.2357,-0.5202,-41.9062,6.225,17.3063,,0.017527999999999988,0.21897611741922907,0.16768570286144474,lateral_fall
3.056493,0.2093,0.0078,-0.0639,-0.1652,0.2357,-0.5202,-41.9062,6.225,17.3063,,0.020678000000000196,0.21897611741922907,0.23665872644808206,non_fall
3.079516,0.2093,0.0078,-0.0639,-0.1652,0.2357,-0.5202,-42.2625,4.8563,16.9688,,0.023022999999999794,0.21897611741922907,0.36626415645756494,non_fall
3.081583,0.4599,-0.0909,-0.1983,-0.1652,0.2357,-0.5202,-42.2625,4.8563,16.9688,,0.002067000000000263,0.5090124851121041,0.5475079400356647,non_fall
3.097038,0.4599,-0.0909,-0.1983,0.0221,0.541,-0.0734,-42.2625,4.8563,16.9688,,0.015454999999999774,0.5090124851121041,0.7634148424225463,non_fall
3.117017,0.4599,-0.0909,-0.1983,0.0221,0.541,-0.0734,-42.2625,4.8563,16.9688,,0.01997900000000019,0.5090124851121041,0.9902356057982392,non_fall
3.137962,-1.5511,0.382,0.0728,0.0221,0.541,-0.0734,-42.2625,4.8563,16.9688,,0.02094499999999977,1.599104452498335,1.2005032518116967,non_fall
3.139115,-1.5511,0.382,0.0728,0.0221,0.541,-0.0734,-42.6938,3.7875,16.35,,0.0011529999999999596,1.599104452498335,1.3675642725294839,non_fall
3.158279,-1.5511,0.382,0.0728,-0.1426,0.3944,-0.0706,-42.6938,3.7875,16.35,,0.01916399999999996,1.599104452498335,1.4706008607976402,non_fall
3.179514,-1.5511,0.382,0.0728,-0.1426,0.3944,-0.0706,-42.6938,3.7875,16.35,,0.021235000000000337,1.599104452498335,1.498834985459063,non_fall
3.19917,-1.5511,0.382,0.0728,-0.1426,0.3944,-0.0706,-43.1625,2.8875,15.525,,0.019655999999999896,1.599104452498335,1.4537798329626024,non_fall
3.221502,-1.5511,0.382,0.0728,-0.2268,0.3806,-0.3783,-43.1625,2.8875,15.525,,0.02233200000000002,1.599104452498335,1.3489561658920652,non_fall
3.222571,0.555,-0.2312,-0.6679,-0.2268,0.3806,-0.3783,-43.1625,2.8875,15.525,,0.0010689999999997646,0.8986483461287847,1.2071394196956438,non_fall
3.240525,0.555,-0.2312,-0.6679,-0.2268,0.3806,-0.3783,-43.1625,2.8875,15.525,,0.017954000000000025,0.8986483461287847,1.055779862103475,non_fall
3.262684,0.555,-0.2312,-0.6679,-0.2268,0.3806,-0.3783,-43.575,2.0813,14.5313,,0.022159000000000262,0.8986483461287847,0.9216510192882059,non_fall
3.278898,0.555,-0.2312,-0.6679,-0.2068,0.4149,-0.2274,-43.575,2.0813,14.5313,,0.01621399999999973,0.8986483461287847,0.8259088230023269,non_fall
3.279803,0.4717,-0.1511,0.1501,-0.2068,0.4149,-0.2274,-43.575,2.0813,14.5313,,0.0009049999999999336,0.5175539682004187,0.7805559939232691,non_fall
3.299751,0.4717,-0.1511,0.1501,-0.2068,0.4149,-0.2274,-43.575,2.0813,14.5313,,0.0199480000000003,0.5175539682004187,0.7869590111197489,non_fall
3.319982,0.4717,-0.1511,0.1501,-0.2068,0.4149,-0.2274,-43.9313,1.1813,13.3688,,0.020230999999999888,0.5175539682004187,0.83670127002366,non_fall
3.34229,-1.3147,0.11,-0.193,-0.2068,0.4149,-0.2274,-43.9313,1.1813,13.3688,,0.022308000000000217,1.333336075413847,0.9146192008484202,non_fall
3.343491,-1.3147,0.11,-0.193,-0.2526,0.6294,-0.221,-43.9313,1.1813,13.3688,,0.0012010000000000076,1.333336075413847,1.0032761085313524,non_fall
3.359817,-1.3147,0.11,-0.193,-0.2526,0.6294,-0.221,-43.9313,1.1813,13.3688,,0.01632599999999984,1.333336075413847,1.0875643525914311,non_fall
3.378271,-1.3147,0.11,-0.193,-0.2526,0.6294,-0.221,-44.1938,0.2438,12.1313,,0.01845399999999975,1.333336075413847,1.1579756189408807,non_fall
3.400852,-1.3147,0.11,-0.193,-0.1983,0.3678,-0.4614,-44.1938,0.2438,12.1313,,0.022581000000000184,1.333336075413847,1.211540471328906,non_fall
3.402518,0.7154,-0.608,-0.4051,-0.1983,0.3678,-0.4614,-44.1938,0.2438,12.1313,,0.0016660000000001673,1.022529789297114,1.2503148930463475,non_fall
3.422033,0.7154,-0.608,-0.4051,-0.1983,0.3678,-0.4614,-44.1938,0.2438,12.1313,,0.019514999999999727,1.022529789297114,1.2781860831706824,non_fall
3.438744,0.7154,-0.608,-0.4051,-0.1983,0.3678,-0.4614,-44.7,-0.6188,10.9688,,0.01671099999999992,1.022529789297114,1.297354462112385,non_fall
3.464049,0.7154,-0.608,-0.4051,0.1016,0.1221,0.0896,-44.7,-0.6188,10.9688,,0.025305000000000355,1.022529789297114,1.3059433709014532,non_fall
3.483453,0.7154,-0.608,-0.4051,0.1016,0.1221,0.0896,-44.7,-0.6188,10.9688,,0.019403999999999755,1.022529789297114,1.2977631110887575,non_fall
3.484714,-0.7002,0.5238,1.3099,0.1016,0.1221,0.0896,-44.7,-0.6188,10.9688,,0.0012609999999999566,1.5749553930191167,1.2644405574696862,non_fall
3.500361,-0.7002,0.5238,1.3099,0.1016,0.1221,0.0896,-44.9813,-1.2188,10.0688,,0.015646999999999966,1.5749553930191167,1.1991706945368852,non_fall
3.523838,-0.7002,0.5238,1.3099,0.0072,0.1225,0.0491,-44.9813,-1.2188,10.0688,,0.023477000000000192,1.5749553930191167,1.1005869265539887,non_fall
3.543531,-0.7002,0.5238,1.3099,0.0072,0.1225,0.0491,-44.9813,-1.2188,10.0688,,0.019693000000000183,1.5749553930191167,0.9750415938340784,non_fall
3.545195,-0.125,0.1973,0.1926,0.0072,0.1225,0.0491,-44.9813,-1.2188,10.0688,,0.0016639999999998878,0.3027326378175964,0.8361421995832066,non_fall
3.560369,-0.125,0.1973,0.1926,0.0072,0.1225,0.0491,-45.1688,-1.6875,9.0375,,0.01517400000000002,0.3027326378175964,0.7015465944369652,non_fall
3.582951,-0.125,0.1973,0.1926,-0.0542,0.2091,0.0945,-45.1688,-1.6875,9.0375,,0.02258199999999988,0.3027326378175964,0.5882342990699526,non_fall
3.604039,-0.125,0.1973,0.1926,-0.0542,0.2091,0.0945,-45.1688,-1.6875,9.0375,,0.021088000000000218,0.3027326378175964,0.5080771665046647,non_fall
3.605458,-0.1048,0.1141,-0.5561,-0.0542,0.2091,0.0945,-45.1688,-1.6875,9.0375,,0.001418999999999837,0.5772772817286335,0.46522762469040263,non_fall
3.618532,-0.1048,0.1141,-0.5561,-0.0542,0.2091,0.0945,-45.3188,-2.2688,8.0438,,0.01307400000000003,0.5772772817286335,0.45591932848863254,non_fall
3.64547,-0.1048,0.1141,-0.5561,0.1035,0.1236,0.086,-45.3188,-2.2688,8.0438,,0.026937999999999906,0.5772772817286335,0.4703239555632428,non_fall
3.666259,-0.1048,0.1141,-0.5561,0.1035,0.1236,0.086,-45.3188,-2.2688,8.0438,,0.02078900000000017,0.5772772817286335,0.49555283140530343,non_fall
3.678245,-0.1048,0.1141,-0.5561,0.1035,0.1236,0.086,-45.3375,-2.5875,7.2938,,0.01198599999999983,0.5772772817286335,0.5188139009402402,non_fall
3.685697,0.0504,0.0959,0.5134,0.1035,0.1236,0.086,-45.3375,-2.5875,7.2938,,0.007451999999999792,0.5247061368042116,0.5299765316865231,non_fall
3.70485,0.0504,0.0959,0.5134,0.0389,0.0714,0.0285,-45.3375,-2.5875,7.2938,,0.019153000000000198,0.5247061368042116,0.5231443171308214,non_fall
3.725728,0.0504,0.0959,0.5134,0.0389,0.0714,0.0285,-45.3375,-2.5875,7.2938,,0.020878000000000174,0.5247061368042116,0.4971404144888949,non_fall
3.737933,0.0504,0.0959,0.5134,0.0389,0.0714,0.0285,-45.5438,-2.475,6.525,,0.0122049999999998,0.5247061368042116,0.45501513502608343,non_fall
3.745136,0.2752,0.0913,-0.069,0.0389,0.0714,0.0285,-45.5438,-2.475,6.525,,0.0072030000000000705,0.29804652321407815,0.40280558417293183,non_fall
3.765855,0.2752,0.0913,-0.069,0.0093,0.0703,0.0048,-45.5438,-2.475,6.525,,0.020719000000000154,0.29804652321407815,0.34785448626037174,non_fall
3.786228,0.2752,0.0913,-0.069,0.0093,0.0703,0.0048,-45.5438,-2.475,6.525,,0.020372999999999752,0.29804652321407815,0.2970433275852825,non_fall
3.797847,0.2752,0.0913,-0.069,0.0093,0.0703,0.0048,-45.6,-2.3438,5.7375,,0.011619000000000046,0.29804652321407815,0.2552832641977676,non_fall
3.806663,0.1097,-0.0419,-0.0988,0.0093,0.0703,0.0048,-45.6,-2.3438,5.7375,,0.008815999999999935,0.15346380680798974,0.22452472879393046,non_fall
3.826509,0.1097,-0.0419,-0.0988,0.0115,0.1558,0.0694,-45.6,-2.3438,5.7375,,0.019846000000000252,0.15346380680798974,0.20344164240090798,non_fall
3.848178,0.1097,-0.0419,-0.0988,0.0115,0.1558,0.0694,-45.6,-2.3438,5.7375,,0.021668999999999716,0.15346380680798974,0.187864348573143,non_fall
3.858796,0.1097,-0.0419,-0.0988,0.0115,0.1558,0.0694,-45.75,-2.25,5.2313,,0.010618000000000016,0.15346380680798974,0.1719585825419234,non_fall
3.86809,0.0471,0.038,-0.1114,0.0115,0.1558,0.0694,-45.75,-2.25,5.2313,,0.009294000000000135,0.1267768511992627,0.15003564482562523,non_fall
3.887793,0.0471,0.038,-0.1114,0.1063,0.1353,0.1233,-45.75,-2.25,5.2313,,0.019702999999999804,0.1267768511992627,0.11873540358924559,non_fall
3.907794,0.0471,0.038,-0.1114,0.1063,0.1353,0.1233,-45.75,-2.25,5.2313,,0.020001000000000158,0.1267768511992627,0.07918848826049965,non_fall
3.918269,0.0471,0.038,-0.1114,0.1063,0.1353,0.1233,-45.75,-2.0438,4.7438,,0.010475000000000012,0.1267768511992627,0.038671684048379805,non_fall
3.948929,0.0471,0.038,-0.1114,0.4968,-0.1495,-0.0218,-45.75,-2.0438,4.7438,,0.03066000000000013,0.1267768511992627,0.011246548760403883,non_fall
3.951642,0.0192,0.1521,-0.1207,0.4968,-0.1495,-0.0218,-45.75,-2.0438,4.7438,,0.0027129999999999654,0.19511929684170143,0.01694592482057276,non_fall
3.968852,0.0192,0.1521,-0.1207,0.4968,-0.1495,-0.0218,-45.75,-2.0438,4.7438,,0.017209999999999948,0.19511929684170143,0.07927615646089024,non_fall
3.977849,0.0192,0.1521,-0.1207,0.4968,-0.1495,-0.0218,-45.9,-1.8188,4.1438,,0.008996999999999922,0.19511929684170143,0.22114324109392203,non_fall
4.01062,0.0192,0.1521,-0.1207,0.981,-0.2581,-0.4397,-45.9,-1.8188,4.1438,,0.03277100000000033,0.19511929684170143,0.45974674330538534,non_fall
4.013656,0.1494,0.8233,0.6772,0.981,-0.2581,-0.4397,-45.9,-1.8188,4.1438,,0.0030359999999998166,1.0764492974590119,0.8013979671103509,non_fall
4.030653,0.1494,0.8233,0.6772,0.981,-0.2581,-0.4397,-45.9,-1.8188,4.1438,,0.01699699999999993,1.0764492974590119,1.2374635621640402,non_fall
4.037248,0.1494,0.8233,0.6772,0.981,-0.2581,-0.4397,-46.1063,-1.8188,3.7875,,0.0065949999999999065,1.0764492974590119,1.7426613320696358,non_fall
4.071757,0.1494,0.8233,0.6772,2.2339,1.0017,-3.2624,-46.1063,-1.8188,3.7875,,0.0345089999999999,1.0764492974590119,2.2767611735914586,non_fall
4.073578,0.9313,3.2883,-1.5522,2.2339,1.0017,-3.2624,-46.1063,-1.8188,3.7875,,0.0018210000000005166,3.753606455130852,2.790238568168813,non_fall
4.090727,0.9313,3.2883,-1.5522,2.2339,1.0017,-3.2624,-46.1063,-1.8188,3.7875,,0.01714899999999986,3.753606455130852,3.233367906125585,non_fall
4.097929,0.9313,3.2883,-1.5522,2.2339,1.0017,-3.2624,-46.275,-3.1875,3.4313,,0.007201999999999487,3.753606455130852,3.5668629680675497,non_fall
4.133266,0.9313,3.2883,-1.5522,3.1955,0.3723,-2.5967,-46.275,-3.1875,3.4313,,0.035337000000000174,3.753606455130852,3.7713067123007575,non_fall
4.152301,0.9313,3.2883,-1.5522,3.1955,0.3723,-2.5967,-46.275,-3.1875,3.4313,,0.01903499999999969,3.753606455130852,3.852847987463162,non_fall
4.153229,-0.5535,-0.7436,-4.4313,3.1955,0.3723,-2.5967,-46.275,-3.1875,3.4313,,0.0009280000000000399,4.5272202177495195,3.84362362129012,non_fall
4.159084,-0.5535,-0.7436,-4.4313,3.1955,0.3723,-2.5967,-46.0688,-5.2125,3.5438,,0.005855000000000388,4.5272202177495195,3.7963487487615173,non_fall
4.19249,-0.5535,-0.7436,-4.4313,2.2424,-0.3028,-1.5247,-46.0688,-5.2125,3.5438,,0.03340600000000027,4.5272202177495195,3.77332829553542,non_fall
4.212686,-2.3726,-0.3672,1.8918,2.2424,-0.3028,-1.5247,-46.0688,-5.2125,3.5438,,0.020195999999999437,3.056627854351916,3.831208432849818,non_fall
4.214429,-2.3726,-0.3672,1.8918,2.2424,-0.3028,-1.5247,-46.0688,-5.2125,3.5438,,0.0017430000000002721,3.056627854351916,4.004370885161542,non_fall
4.217948,-2.3726,-0.3672,1.8918,2.2424,-0.3028,-1.5247,-45.4313,-7.7438,4.1813,,0.003518999999999828,3.056627854351916,4.291452471298544,non_fall
4.25483,-2.3726,-0.3672,1.8918,1.7986,-0.343,-0.68,-45.4313,-7.7438,4.1813,,0.0368820000000003,3.056627854351916,4.649964060474104,non_fall
4.273804,-2.3726,-0.3672,1.8918,1.7986,-0.343,-0.68,-45.4313,-7.7438,4.1813,,0.018974000000000046,3.056627854351916,5.002562689637484,non_fall
4.275465,1.3177,7.3152,0.8378,1.7986,-0.343,-0.68,-45.4313,-7.7438,4.1813,,0.0016609999999994685,7.479999543449184,5.255173524911387,non_fall
4.278826,1.3177,7.3152,0.8378,1.7986,-0.343,-0.68,-44.6813,-10.425,5.4,,0.0033609999999999474,7.479999543449184,5.322693803057794,non_fall
4.315527,1.3177,7.3152,0.8378,1.4666,0.0252,-0.4471,-44.6813,-10.425,5.4,,0.03670100000000076,7.479999543449184,5.1541632134004915,non_fall
4.33578,1.3177,7.3152,0.8378,1.4666,0.0252,-0.4471,-44.6813,-10.425,5.4,,0.02025299999999941,7.479999543449184,4.7482895345374505,non_fall
4.337596,0.9643,-0.293,1.0309,1.4666,0.0252,-0.4471,-44.6813,-10.425,5.4,,0.0018159999999998178,1.4416928591069598,4.153370227097083,non_fall
4.339083,0.9643,-0.293,1.0309,1.4666,0.0252,-0.4471,-43.7438,-12.9375,6.9,,0.001487000000000016,1.4416928591069598,3.4519121628549208,non_fall
4.376619,0.9643,-0.293,1.0309,1.3402,0.0844,0.2096,-43.7438,-12.9375,6.9,,0.037536000000000236,1.4416928591069598,2.736485212416285,non_fall
4.397625,0.9643,-0.293,1.0309,1.3402,0.0844,0.2096,-43.7438,-12.9375,6.9,,0.021005999999999858,1.4416928591069598,2.0862113295055873,non_fall
4.399687,0.9643,-0.293,1.0309,1.3402,0.0844,0.2096,-42.7313,-15.375,8.625,,0.0020620000000004524,1.4416928591069598,1.5515843965391076,non_fall
4.416692,0.9641,0.4891,1.186,1.3402,0.0844,0.2096,-42.7313,-15.375,8.625,,0.01700500000000016,1.6047752552927776,1.1507215148714391,non_fall
4.436776,0.9641,0.4891,1.186,1.3971,0.5413,0.2887,-42.7313,-15.375,8.625,,0.02008399999999977,1.6047752552927776,0.8754962167159553,non_fall
4.45892,0.9641,0.4891,1.186,1.3971,0.5413,0.2887,-42.7313,-15.375,8.625,,0.02214399999999994,1.6047752552927776,0.7031221724224062,non_fall
4.460853,0.9641,0.4891,1.186,1.3971,0.5413,0.2887,-41.9438,-17.6813,10.3688,,0.0019330000000001846,1.6047752552927776,0.6080373844695478,non_fall
4.477534,-0.0759,0.1181,-0.0694,1.3971,0.5413,0.2887,-41.9438,-17.6813,10.3688,,0.016681000000000168,0.15660389522614052,0.5700439625245862,non_fall
4.497263,-0.0759,0.1181,-0.0694,1.5848,0.6063,0.3601,-41.9438,-17.6813,10.3688,,0.019728999999999886,0.15660389522614052,0.5769313642388982,non_fall
4.518922,-0.0759,0.1181,-0.0694,1.5848,0.6063,0.3601,-41.0438,-19.35,12.1125,,0.02165899999999965,0.15660389522614052,0.6223074231915858,non_fall
4.52072,-0.0759,0.1181,-0.0694,1.5848,0.6063,0.3601,-41.0438,-19.35,12.1125,,0.0017979999999999663,0.15660389522614052,0.701046790871414,non_fall
4.539196,0.217,-0.8496,0.5942,1.5848,0.6063,0.3601,-41.0438,-19.35,12.1125,,0.018475999999999715,1.0592368951278086,0.8050509828327082,non_fall
4.559866,0.217,-0.8496,0.5942,1.4581,0.1502,0.3204,-41.0438,-19.35,12.1125,,0.020670000000000854,1.0592368951278086,0.9211174957608795,non_fall
4.580857,0.217,-0.8496,0.5942,1.4581,0.1502,0.3204,-40.275,-19.4062,14.0625,,0.020990999999999538,1.0592368951278086,1.031414312817558,non_fall
4.582949,0.217,-0.8496,0.5942,1.4581,0.1502,0.3204,-40.275,-19.4062,14.0625,,0.002092000000000205,1.0592368951278086,1.1160931715432059,non_fall
4.619972,0.217,-0.8496,0.5942,1.1393,-0.2254,-0.2232,-40.275,-19.4062,14.0625,,0.037022999999999584,1.0592368951278086,1.157229117333882,non_fall
4.622345,-0.5102,0.3088,0.8786,1.1393,-0.2254,-0.2232,-40.275,-19.4062,14.0625,,0.0023730000000004026,1.0618848525146218,1.1433318498227374,non_fall
4.639892,-0.5102,0.3088,0.8786,1.1393,-0.2254,-0.2232,-39.7313,-18.7313,15.9,,0.017546999999999535,1.0618848525146218,1.0737608222444444,non_fall
4.642472,-0.5102,0.3088,0.8786,1.1393,-0.2254,-0.2232,-39.7313,-18.7313,15.9,,0.0025800000000000267,1.0618848525146218,0.962298556879014,non_fall
4.68044,-0.5102,0.3088,0.8786,0.8007,-0.4402,-0.3502,-39.7313,-18.7313,15.9,,0.037968000000000224,1.0618848525146218,0.8389476042981011,non_fall
4.682708,-0.9397,0.533,-0.6406,0.8007,-0.4402,-0.3502,-39.7313,-18.7313,15.9,,0.0022679999999999367,1.2559830611915113,0.7488880887748113,non_fall
4.700324,-0.9397,0.533,-0.6406,0.8007,-0.4402,-0.3502,-39.7313,-18.7313,15.9,,0.017616000000000298,1.2559830611915113,0.747658295846742,non_fall
4.70166,-0.9397,0.533,-0.6406,0.8007,-0.4402,-0.3502,-39.6375,-17.7375,17.475,,0.001336000000000226,1.2559830611915113,0.8921711857474326,non_fall
4.741067,-0.9397,0.533,-0.6406,0.0391,0.6635,0.216,-39.6375,-17.7375,17.475,,0.03940699999999975,1.2559830611915113,1.2282335911314721,non_fall
4.743077,-0.0683,-1.1244,-0.9114,0.0391,0.6635,0.216,-39.6375,-17.7375,17.475,,0.0020100000000002893,1.4489962767377975,1.776665406943798,non_fall
4.759189,-0.0683,-1.1244,-0.9114,0.0391,0.6635,0.216,-39.6,-16.5188,18.4125,,0.016111999999999682,1.4489962767377975,2.5215357702456562,non_fall
4.760645,-0.0683,-1.1244,-0.9114,0.0391,0.6635,0.216,-39.6,-16.5188,18.4125,,0.0014560000000001239,1.4489962767377975,3.404865456638569,non_fall
4.802777,-0.0683,-1.1244,-0.9114,-0.5724,2.2847,1.8553,-39.6,-16.5188,18.4125,,0.042131999999999614,1.4489962767377975,4.3317261559604,non_fall
4.805275,-2.7582,-4.497,-5.4933,-0.5724,2.2847,1.8553,-39.6,-16.5188,18.4125,,0.0024980000000001112,7.616234051681972,5.18738711804261,non_fall
4.819522,-2.7582,-4.497,-5.4933,-0.5724,2.2847,1.8553,-40.1438,-14.9625,18.525,,0.01424700000000012,7.616234051681972,5.864014491390403,non_fall
4.823196,-2.7582,-4.497,-5.4933,-0.5724,2.2847,1.8553,-40.1438,-14.9625,18.525,,0.003674000000000177,7.616234051681972,6.289876694076756,non_fall
4.864089,-2.7582,-4.497,-5.4933,-0.5057,0.4424,0.7214,-40.1438,-14.9625,18.525,,0.040892999999999624,7.616234051681972,6.451648590851999,non_fall
4.87887,-2.7582,-4.497,-5.4933,-0.5057,0.4424,0.7214,-40.8188,-13.2375,18.2063,,0.014781000000000155,7.616234051681972,6.401862949235408,non_fall
4.882289,-2.7582,-4.497,-5.4933,-0.5057,0.4424,0.7214,-40.8188,-13.2375,18.2063,,0.003419000000000061,7.616234051681972,6.2480383670793005,non_fall
4.883101,-3.7234,1.8392,0.2572,-0.5057,0.4424,0.7214,-40.8188,-13.2375,18.2063,,0.0008119999999998129,4.160831171773255,6.125503934742711,non_fall
4.923978,-3.7234,1.8392,0.2572,0.516,0.5751,1.2948,-40.8188,-13.2375,18.2063,,0.04087700000000005,4.160831171773255,6.160915926633725,non_fall
4.938975,-3.7234,1.8392,0.2572,0.516,0.5751,1.2948,-41.325,-11.0813,17.9438,,0.014997000000000149,4.160831171773255,6.436786039928683,non_fall
4.943688,-3.7234,1.8392,0.2572,0.516,0.5751,1.2948,-41.325,-11.0813,17.9438,,0.004712999999999745,4.160831171773255,6.96768912906741,non_fall
4.944794,-4.5384,5.7772,6.522,0.516,0.5751,1.2948,-41.325,-11.0813,17.9438,,0.0011060000000000514,9.823929885743281,7.695411004667292,non_fall
4.988887,-4.5384,5.7772,6.522,1.8237,-0.6631,1.6115,-41.325,-11.0813,17.9438,,0.04409300000000016,9.823929885743281,8.504061529018344,non_fall
4.998712,-4.5384,5.7772,6.522,1.8237,-0.6631,1.6115,-41.85,-8.7375,17.7938,,0.009825000000000195,9.823929885743281,9.249748898927471,non_fall
5.006427,-4.5384,5.7772,6.522,1.8237,-0.6631,1.6115,-41.85,-8.7375,17.7938,,0.007715000000000138,9.823929885743281,9.79566357206282,non_fall
5.007274,5.7485,-0.1975,9.1793,1.8237,-0.6631,1.6115,-41.85,-8.7375,17.7938,,0.000846999999999376,10.83253465214859,10.043438349054862,non_fall
5.04719,5.7485,-0.1975,9.1793,2.4592,-0.5907,0.894,-41.85,-8.7375,17.7938,,0.03991599999999984,10.83253465214859,9.954105305482209,non_fall
5.060903,5.7485,-0.1975,9.1793,2.4592,-0.5907,0.894,-42.4125,-5.7,17.4188,,0.013713000000000086,10.83253465214859,9.554874296349363,non_fall
5.065427,5.7485,-0.1975,9.1793,2.4592,-0.5907,0.894,-42.4125,-5.7,17.4188,,0.0045239999999999725,10.83253465214859,8.930625285071027,non_fall
5.087191,4.7455,-1.8411,2.3077,2.4592,-0.5907,0.894,-42.4125,-5.7,17.4188,,0.021764000000000117,5.588819083670538,8.201946038056128,non_fall
5.108494,4.7455,-1.8411,2.3077,1.7581,-0.1208,1.0357,-42.4125,-5.7,17.4188,,0.021303000000000516,5.588819083670538,7.494987084333259,non_fall
5.118542,4.7455,-1.8411,2.3077,1.7581,-0.1208,1.0357,-42.9563,-2.175,16.575,,0.01004799999999939,5.588819083670538,6.911267101738889,non_fall
5.126729,4.7455,-1.8411,2.3077,1.7581,-0.1208,1.0357,-42.9563,-2.175,16.575,,0.008187000000000388,5.588819083670538,6.505953712615727,non_fall
5.148124,3.304,-4.3378,-4.2425,1.7581,-0.1208,1.0357,-42.9563,-2.175,16.575,,0.021395000000000053,6.908815462146894,6.280202967803438,non_fall
5.167766,3.304,-4.3378,-4.2425,0.779,0.623,1.8224,-42.9563,-2.175,16.575,,0.01964200000000016,6.908815462146894,6.188175442682107,non_fall
5.178831,3.304,-4.3378,-4.2425,0.779,0.623,1.8224,-43.1813,1.8938,15.3938,,0.011064999999999436,6.908815462146894,6.154801503505172,non_fall
5.189553,3.304,-4.3378,-4.2425,0.779,0.623,1.8224,-43.1813,1.8938,15.3938,,0.010722000000000342,6.908815462146894,6.097986590020967,non_fall
5.2076,0.8519,-2.4489,-5.225,0.779,0.623,1.8224,-43.1813,1.8938,15.3938,,0.018047000000000146,5.832964068121798,5.9490370880943875,non_fall
5.229633,0.8519,-2.4489,-5.225,0.3587,0.8179,1.636,-43.1813,1.8938,15.3938,,0.022032999999999525,5.832964068121798,5.6668791098165405,non_fall
5.240683,0.8519,-2.4489,-5.225,0.3587,0.8179,1.636,-43.1813,6.1875,14.0438,,0.011050000000000004,5.832964068121798,5.243987994803318,non_fall
5.25009,0.8519,-2.4489,-5.225,0.3587,0.8179,1.636,-43.1813,6.1875,14.0438,,0.009407000000000387,5.832964068121798,4.703988708044126,non_fall
5.272503,-1.7168,-1.242,1.1686,0.3587,0.8179,1.636,-43.1813,6.1875,14.0438,,0.02241300000000024,2.4198330934178083,4.092459057531163,non_fall
5.289641,-1.7168,-1.242,1.1686,0.1463,-0.2389,0.0193,-43.1813,6.1875,14.0438,,0.01713799999999921,2.4198330934178083,3.46382775949422,non_fall
5.299125,-1.7168,-1.242,1.1686,0.1463,-0.2389,0.0193,-42.7313,10.4625,13.2375,,0.009484000000000492,2.4198330934178083,2.86825611218044,non_fall
5.310937,-1.7168,-1.242,1.1686,0.1463,-0.2389,0.0193,-42.7313,10.4625,13.2375,,0.011811999999999934,2.4198330934178083,2.342233720711537,non_fall
5.350572,-1.7168,-1.242,1.1686,0.2543,0.6155,0.2746,-42.7313,10.4625,13.2375,,0.03963499999999964,2.4198330934178083,1.9049169380458535,non_fall
5.35344,-1.0464,0.2099,1.1592,0.2543,0.6155,0.2746,-42.7313,10.4625,13.2375,,0.0028680000000003147,1.57567623895266,1.559846510358283,non_fall
5.357443,-1.0464,0.2099,1.1592,0.2543,0.6155,0.2746,-42.2438,14.7938,12.4125,,0.004002999999999979,1.57567623895266,1.2999492977357783,non_fall
5.369792,-1.0464,0.2099,1.1592,0.2543,0.6155,0.2746,-42.2438,14.7938,12.4125,,0.012349000000000387,1.57567623895266,1.1132600608552126,non_fall
5.410683,-1.0464,0.2099,1.1592,0.0594,-0.1039,-0.0542,-42.2438,14.7938,12.4125,,0.040890999999999345,1.57567623895266,0.9872920475926007,non_fall
5.412702,-0.188,0.2277,-0.3231,0.0594,-0.1039,-0.0542,-42.2438,14.7938,12.4125,,0.002019000000000659,0.4377041238096804,0.9109497273198821,non_fall
5.417855,-0.188,0.2277,-0.3231,0.0594,-0.1039,-0.0542,-41.775,18.3,11.4,,0.005152999999999963,0.4377041238096804,0.8740473437726565,non_fall
5.431008,-0.188,0.2277,-0.3231,0.0594,-0.1039,-0.0542,-41.775,18.3,11.4,,0.01315299999999997,0.4377041238096804,0.8655919318234041,non_fall
5.473077,-0.188,0.2277,-0.3231,0.0779,0.0794,0.0174,-41.775,18.3,11.4,,0.04206899999999969,0.4377041238096804,0.8725168996593446,non_fall
5.477261,-1.1239,0.4838,0.1493,0.0779,0.0794,0.0174,-41.775,18.3,11.4,,0.00418400000000041,1.2326816864056998,0.880158285503288,non_fall
5.481648,-1.1239,0.4838,0.1493,0.0779,0.0794,0.0174,-41.2875,21.2812,10.3688,,0.004386999999999475,1.2326816864056998,0.8746495721927924,non_fall
5.494503,-1.1239,0.4838,0.1493,0.0779,0.0794,0.0174,-41.2875,21.2812,10.3688,,0.01285500000000006,1.2326816864056998,0.8462282341639671,non_fall
5.533283,-1.1239,0.4838,0.1493,-0.0137,0.1213,0.0076,-41.2875,21.2812,10.3688,,0.03878000000000004,1.2326816864056998,0.7918611860128457,non_fall
5.535968,0.061,0.0687,0.3544,-0.0137,0.1213,0.0076,-41.2875,21.2812,10.3688,,0.0026850000000004925,0.3661148043988388,0.7158920645119525,non_fall
5.54016,0.061,0.0687,0.3544,-0.0137,0.1213,0.0076,-40.575,23.4188,9.4125,,0.0041919999999997515,0.3661148043988388,0.6283712500931691,non_fall
5.553238,0.061,0.0687,0.3544,-0.0137,0.1213,0.0076,-40.575,23.4188,9.4125,,0.013078000000000145,0.3661148043988388,0.5417836535537215,non_fall
5.594023,0.061,0.0687,0.3544,-0.0244,0.0318,-0.039,-40.575,23.4188,9.4125,,0.04078499999999963,0.3661148043988388,0.4674746016532757,non_fall
5.598601,0.061,0.0687,0.3544,-0.0244,0.0318,-0.039,-40.05,24.9375,8.475,,0.004578000000000415,0.3661148043988388,0.41297427380937857,non_fall
5.613575,0.061,0.0687,0.3544,-0.0244,0.0318,-0.039,-40.05,24.9375,8.475,,0.014973999999999599,0.3661148043988388,0.38085595381608117,non_fall
5.615142,-0.4215,0.1613,0.1782,-0.0244,0.0318,-0.039,-40.05,24.9375,8.475,,0.001566999999999652,0.48521663203150817,0.3691237726201629,non_fall
5.655186,-0.4215,0.1613,0.1782,-0.0173,0.034,-0.018,-40.05,24.9375,8.475,,0.04004399999999997,0.48521663203150817,0.37266617496822774,non_fall
5.658756,-0.4215,0.1613,0.1782,-0.0173,0.034,-0.018,-39.825,25.8563,7.5563,,0.0035700000000007392,0.48521663203150817,0.38510436391617875,non_fall
5.674398,-0.4215,0.1613,0.1782,-0.0173,0.034,-0.018,-39.825,25.8563,7.5563,,0.01564199999999971,0.48521663203150817,0.4004031180598745,non_fall
5.675268,-0.2795,0.1786,0.0426,-0.0173,0.034,-0.018,-39.825,25.8563,7.5563,,0.0008699999999999264,0.3344143687104369,0.4138474053057925,non_fall
5.715111,-0.2795,0.1786,0.0426,-0.0787,-0.1474,-0.0457,-39.825,25.8563,7.5563,,0.039843000000000295,0.3344143687104369,0.4223211938157543,non_fall
5.717755,-0.2795,0.1786,0.0426,-0.0787,-0.1474,-0.0457,-39.7688,26.1375,7.3688,,0.0026440000000000907,0.3344143687104369,0.42411579962435886,non_fall
5.736221,-0.2795,0.1786,0.0426,-0.0787,-0.1474,-0.0457,-39.7688,26.1375,7.3688,,0.018465999999999205,0.3344143687104369,0.4186218467265359,non_fall
5.737701,-0.3622,0.0355,0.3121,-0.0787,-0.1474,-0.0457,-39.7688,26.1375,7.3688,,0.001480000000000814,0.47943247699754343,0.40617825766697196,non_fall
5.776019,-0.3622,0.0355,0.3121,-0.0144,0.0826,0.0193,-39.7688,26.1375,7.3688,,0.03831799999999941,0.47943247699754343,0.3881267398551168,non_fall
5.778217,-0.3622,0.0355,0.3121,-0.0144,0.0826,0.0193,-39.8625,26.325,6.9188,,0.0021979999999999222,0.47943247699754343,0.3668880318711868,non_fall
5.796968,-0.3622,0.0355,0.3121,-0.0144,0.0826,0.0193,-39.8625,26.325,6.9188,,0.018750999999999962,0.47943247699754343,0.3457760803003655,non_fall
5.816524,-0.0612,0.185,0.0074,-0.0144,0.0826,0.0193,-39.8625,26.325,6.9188,,0.019556000000000573,0.19500051281983852,0.3283677122666149,non_fall
5.838217,-0.0612,0.185,0.0074,-0.0312,-0.0581,-0.0503,-39.8625,26.325,6.9188,,0.021692999999999962,0.19500051281983852,0.31750512210997595,non_fall
5.841519,-0.0612,0.185,0.0074,-0.0312,-0.0581,-0.0503,-39.6938,26.2125,6.8438,,0.003301999999999694,0.19500051281983852,0.3142801904797698,non_fall
5.857078,-0.0612,0.185,0.0074,-0.0312,-0.0581,-0.0503,-39.6938,26.2125,6.8438,,0.015558999999999656,0.19500051281983852,0.3174578425988818,non_fall
5.878398,-0.4095,0.0629,0.1269,-0.0312,-0.0581,-0.0503,-39.6938,26.2125,6.8438,,0.021320000000000228,0.43330159242726074,0.32365176195922396,non_fall
5.900092,-0.4095,0.0629,0.1269,-0.0184,0.0333,0.0332,-39.6938,26.2125,6.8438,,0.021694000000000102,0.43330159242726074,0.3282378121922972,non_fall
5.90235,-0.4095,0.0629,0.1269,-0.0184,0.0333,0.0332,-39.6,26.25,6.8813,,0.0022580000000003153,0.43330159242726074,0.32665988374799726,non_fall
5.91885,-0.4095,0.0629,0.1269,-0.0184,0.0333,0.0332,-39.6,26.25,6.8813,,0.016499999999999737,0.43330159242726074,0.31562942667829375,non_fall
5.938742,-0.134,0.1061,0.0355,-0.0184,0.0333,0.0332,-39.6,26.25,6.8813,,0.019892000000000465,0.17456649162998036,0.2938171241806002,non_fall
5.958333,-0.134,0.1061,0.0355,-0.0184,0.0333,0.0332,-39.525,26.1375,6.9375,,0.019590999999999248,0.17456649162998036,0.2619114281603778,non_fall
5.961107,-0.134,0.1061,0.0355,0.0261,0.1625,0.0683,-39.525,26.1375,6.9375,,0.0027740000000004983,0.17456649162998036,0.2222047222524787,non_fall
5.980721,-0.134,0.1061,0.0355,0.0261,0.1625,0.0683,-39.525,26.1375,6.9375,,0.019613999999999798,0.17456649162998036,0.17800263964735044,non_fall
