time,ax,ay,az,wx,wy,wz,Bx,By,Bz,time_diff,acc_mag,acc_mag_filtered,label
0.084639,0.0,0.0,0.0,0.0,0.0,0.0,0.0,0.0,0.0,0.0,0.0,-0.0006102711021150086,non_fall
0.104639,-0.034,0.0242,-0.032,0.0,0.0,0.0,40.35,13.425,4.275,0.01999999999999999,0.05258935253451976,0.042105041601823406,non_fall
0.124639,-0.0107,-0.0203,0.0425,-0.0182,-0.0417,0.0328,40.35,13.425,4.275,0.020000000000000004,0.04829937887799387,0.08263323803679226,non_fall
0.144639,-0.0616,-0.0224,0.1354,-0.0182,-0.0417,0.0328,40.35,13.425,4.275,0.01999999999999999,0.15043098085168494,0.11864617196589386,non_fall
0.164639,-0.0465,-0.0085,0.1632,-0.0182,-0.0417,0.0328,41.325,13.65,4.05,0.020000000000000018,0.16990803394778012,0.14813743640711288,non_fall
0.184639,0.0589,0.0432,0.0337,-0.0047,-0.0267,0.049,41.325,13.65,4.05,0.01999999999999999,0.08044339624854237,0.1696707016323183,non_fall
0.204639,0.1829,0.0389,-0.102,-0.0047,-0.0267,0.049,41.325,13.65,4.05,0.01999999999999999,0.2130014553940888,0.18266530425883906,non_fall
0.224639,0.2092,0.0963,-0.1261,-0.0047,-0.0267,0.049,41.325,13.65,4.05,0.020000000000000018,0.2625634018670538,0.18766891455803933,non_fall
0.244639,0.2096,0.0162,-0.0146,-0.0047,-0.0267,0.049,41.25,12.975,3.975,0.01999999999999999,0.21073148791768165,0.18643379841774319,non_fall
0.264639,0.0696,0.0314,0.0356,0.0041,-0.0027,0.0102,41.25,12.975,3.975,0.020000000000000018,0.08424654295577949,0.1815514446619828,non_fall
0.284639,-0.0966,0.0576,0.1277,0.0041,-0.0027,0.0102,41.25,12.975,3.975,0.019999999999999962,0.1701664185437303,0.1756491022862377,non_fall
0.304639,-0.1531,0.0902,0.0908,0.0041,-0.0027,0.0102,41.25,13.425,4.35,0.020000000000000018,0.199550219243177,0.17054924789578108,non_fall
0.324639,-0.10425,0.1029,0.0008,-0.0014,0.0385,-0.0211,41.25,13.425,4.35,0.020000000000000018,0.14648246482087882,0.16687338139557928,non_fall
0.344639,-0.15,0.0662,0.0886,-0.0014,0.0385,-0.0211,41.25,13.425,4.35,0.019999999999999962,0.18636630596757559,0.16422683821195008,non_fall
0.364639,-0.1093,-0.0583,0.1898,-0.0014,0.0385,-0.0211,41.25,13.425,4.35,0.020000000000000018,0.2266482296423248,0.161708987005281,non_fall
0.384639,-0.012,-0.0705,0.0313,-0.0014,0.0385,-0.0211,41.325,13.05,4.05,0.020000000000000018,0.07806369194446289,0.15839412257063,non_fall
0.404639,0.0764,-0.0873,-0.0187,-0.0104,0.0431,0.0035,41.325,13.05,4.05,0.020000000000000018,0.11750719126930062,0.1536311399273258,non_fall
0.424639,0.15,0.056,0.0156,-0.0104,0.0431,0.0035,41.325,13.05,4.05,0.019999999999999962,0.16087063125381215,0.1472763335135413,non_fall
0.444639,0.1165,0.1511,0.0998,-0.0104,0.0431,0.0035,41.55,13.425,3.525,0.020000000000000018,0.21532185211910101,0.13998767308307855,non_fall
0.464639,0.0382,0.1474,0.0816,0.0144,0.0735,-0.0166,41.55,13.425,3.525,0.020000000000000018,0.1727557813793796,0.13340492969691814,non_fall
0.484639,0.0032,0.0669,0.0472,0.0144,0.0735,-0.0166,41.55,13.425,3.525,0.019999999999999962,0.08193711002958305,0.12980732455036803,non_fall
0.504639,-0.054,-0.0178,0.0788,0.0144,0.0735,-0.0166,41.55,13.425,3.525,0.019999999999999962,0.09717139496786077,0.13109861316171273,non_fall
0.524639,-0.0503,-0.0641,0.0538,0.0144,0.0735,-0.0166,41.1,12.825,4.575,0.020000000000000018,0.09763882424527653,0.13757691034993122,non_fall
0.544639,0.0587,-0.0344,-0.06905,0.0144,0.0421,-0.0289,41.1,12.825,4.575,0.020000000000000018,0.09693787959306722,0.1473092429912621,non_fall
0.564639,0.07035,0.0571,-0.2447,0.0144,0.0421,-0.0289,41.1,12.825,4.575,0.020000000000000018,0.260936050594777,0.15665344124505423,non_fall
0.584639,-0.1041,0.1678,0.0822,0.0144,0.0421,-0.0289,41.25,12.7875,4.725,0.020000000000000018,0.2138936417942338,0.16172881455666296,non_fall
0.604639,-0.0405,0.0848,-0.0495,0.0,0.0649,-0.0125,41.4,12.75,4.875,0.020000000000000018,0.10621459410081083,0.1600070897945864,non_fall
0.624639,-0.0637,0.1268,0.0862,0.0,0.0649,-0.0125,41.4,12.75,4.875,0.020000000000000018,0.16603123200169298,0.15117428795873974,non_fall
0.644639,-0.1021,0.0343,0.0243,0.0,0.0649,-0.0125,41.4,12.75,4.875,0.019999999999999907,0.11041462765412924,0.136967079486744,non_fall
0.664639,0.0487,-0.0536,0.1182,0.0,0.0649,-0.0125,41.55,13.8,4.875,0.020000000000000018,0.13862139084571326,0.12028721472516136,non_fall
0.684639,0.0811,-0.0213,-0.0065,0.0339,0.0113,0.0,41.55,13.8,4.875,0.020000000000000018,0.08410202137879921,0.10412222612448603,non_fall
0.704639,-0.02445,0.0504,0.03835,0.0339,0.0113,0.0,41.55,13.8,4.875,0.020000000000000018,0.06788729630792495,0.09069310321236705,non_fall
0.724639,-0.0822,0.0463,0.0776,0.0339,0.0113,0.0,41.1,13.125,4.575,0.020000000000000018,0.12215682543353851,0.08104466733631453,non_fall
0.744639,-0.05755,0.0285,0.00315,0.0307,0.0174,-0.0108,41.1,13.125,4.575,0.020000000000000018,0.0642975504976667,0.07509901710091238,non_fall
0.764639,-0.01,0.0227,-0.0369,0.0307,0.0174,-0.0108,41.1,13.125,4.575,0.019999999999999907,0.04446234361794259,0.07203525349211082,non_fall
0.784639,0.0313,0.0712,-0.0908,0.0307,0.0174,-0.0108,41.1,13.125,4.575,0.020000000000000018,0.11955655565463569,0.0707889631192872,non_fall
0.804639,-0.0087,0.0534,-0.0192,0.0307,0.0174,-0.0108,41.625,13.5,5.175,0.020000000000000018,0.057409842361741424,0.07048443608662748,non_fall
0.824639,-0.038,0.0143,-0.0323,0.0301,0.0086,-0.0185,41.625,13.5,5.175,0.020000000000000018,0.05188236694677682,0.07066896756289728,non_fall
0.844639,-0.0861,-0.0193,0.0442,0.0301,0.0086,-0.0185,41.625,13.5,5.175,0.020000000000000018,0.09868809452005849,0.07129828443023149,non_fall
0.864639,-0.0274,0.018,-0.0526,0.0301,0.0086,-0.0185,41.85,13.425,4.65,0.020000000000000018,0.061979996773152544,0.07252224859988417,non_fall
0.884639,-0.0306,0.0553,0.0008,0.0307,0.0061,-0.013,41.85,13.425,4.65,0.019999999999999907,0.06320672432581836,0.0743950720217379,non_fall
0.904639,-0.0426,0.0538,0.005,0.0307,0.0061,-0.013,41.85,13.425,4.65,0.020000000000000018,0.0688055230341286,0.07666200823168991,non_fall
0.924639,-0.0619,0.0219,-0.017,0.0307,0.0061,-0.013,41.85,13.425,4.65,0.020000000000000018,0.06782492167337903,0.07876042163538426,non_fall
0.944639,-0.073,0.0349,0.0241,0.0251,0.0023,-0.0053,41.85,13.725,4.65,0.020000000000000018,0.08442641766651005,0.08008615416196734,non_fall
0.964639,-0.0772,0.0701,-0.1099,0.0195,-0.0015,0.0024,41.85,13.725,4.65,0.020000000000000018,0.15149871286581942,0.08040469400753934,non_fall
0.984639,-0.0347,-0.0044,0.0063,0.0195,-0.0015,0.0024,41.85,13.725,4.65,0.020000000000000018,0.03554068091638088,0.08013617631775254,non_fall
1.004639,-0.0726,-0.0076,-0.0012,0.0195,-0.0015,0.0024,41.625,13.575,3.45,0.020000000000000018,0.0730065750463614,0.08027897643697891,non_fall
1.024639,-0.0167,0.0558,-0.0274,0.0108,-0.0153,0.0021,41.625,13.575,3.45,0.020000000000000018,0.06436839286482147,0.08198316583425494,non_fall
1.044639,0.037,0.0861,0.0006,0.0108,-0.0153,0.0021,41.625,13.575,3.45,0.020000000000000018,0.09371536693627144,0.08602881463355554,non_fall
1.064639,0.0736,0.0872,0.0574,0.0108,-0.0153,0.0021,41.625,13.575,3.45,0.019999999999999796,0.12773237647519128,0.09247409711220353,non_fall
1.084639,0.033,0.0649,-0.0345,0.0158,-0.0136,0.0008,40.725,13.725,4.35,0.020000000000000018,0.08056835607110276,0.10055570841870055,non_fall
1.104639,0.0169,0.0316,0.07775,0.0208,-0.0119,-0.0005,40.725,13.725,4.35,0.020000000000000018,0.0856109368013223,0.10879268169205232,non_fall
1.124639,0.0713,0.0515,-0.0375,0.0208,-0.0119,-0.0005,40.725,13.725,4.35,0.020000000000000018,0.09561480010960646,0.11527775822902751,non_fall
1.144639,-0.0795,0.1299,0.0011,0.0208,-0.0119,-0.0005,40.95,13.575,4.125,0.020000000000000018,0.15230059093778986,0.11819041240713744,non_fall
1.164639,-0.025,0.1133,0.073,0.0,0.0286,0.0044,40.95,13.575,4.125,0.020000000000000018,0.13707986723074983,0.11645468394316379,non_fall
1.184639,0.0947,0.0936,-0.0487,0.0,0.0286,0.0044,40.95,13.575,4.125,0.020000000000000018,0.14177707854233704,0.11026315946637143,non_fall
1.204639,-0.0153,0.02425,-0.0289,0.0,0.0286,0.0044,40.95,13.575,4.125,0.020000000000000018,0.04071071726216575,0.10115622033315685,non_fall
1.224639,-0.0229,-0.0178,0.0678,0.01315,0.014,0.00685,40.725,13.65,4.95,0.020000000000000018,0.07374340648491905,0.09159469232328135,non_fall
1.244639,-0.0766,0.0594,-0.0243,0.0263,-0.0006,0.0093,40.725,13.65,4.95,0.020000000000000018,0.09993202689828723,0.08427312215704598,non_fall
1.264639,0.0051,0.1255,-0.0525,0.0263,-0.0006,0.0093,40.725,13.65,4.95,0.020000000000000018,0.1361341617669863,0.08147325747196826,non_fall
1.284639,0.0287,0.0763,-0.0328,0.0263,-0.0006,0.0093,41.625,13.65,4.575,0.020000000000000018,0.0878704728563583,0.08454384520266703,non_fall
1.304639,0.0064,-0.00715,-0.0291,0.0226,-0.0027,0.0005,41.625,13.65,4.575,0.020000000000000018,0.0306413527769255,0.09344922256560717,non_fall
1.324639,-0.0455,-0.047,0.0148,0.0226,-0.0027,0.0005,41.625,13.65,4.575,0.019999999999999796,0.06706929252646102,0.10648584028909032,non_fall
1.344639,-0.0975,-0.0433,0.1117,0.0226,-0.0027,0.0005,41.625,13.65,4.575,0.020000000000000018,0.1544604480117807,0.12049649164672847,non_fall
1.364639,-0.06205,0.0447,-0.07485,0.0226,-0.0027,0.0005,41.625,13.65,4.575,0.020000000000000018,0.10700848097230424,0.13180932764689093,non_fall
1.384639,-0.00615,0.09155,-0.2142,0.0243,-0.0075,0.0006,41.4,13.875,4.65,0.020000000000000018,0.23302545998238047,0.13765087491962502,non_fall
1.404639,-0.0047,0.1177,-0.12125,0.0243,-0.0075,0.0006,41.4,13.875,4.65,0.020000000000000018,0.16904716057952585,0.13732916305109522,non_fall
1.424639,-0.0407,0.0447,-0.0247,0.0243,-0.0075,0.0006,41.55,13.725,3.975,0.020000000000000018,0.06530444089034068,0.13247832982028476,non_fall
1.444639,-0.0646,-0.059,0.104,0.0072,-0.0194,-0.0038,41.55,13.725,3.975,0.020000000000000018,0.13590496679665537,0.12617439040187542,non_fall
1.464639,-0.0103,-0.0455,0.0193,0.0072,-0.0194,-0.0038,41.55,13.725,3.975,0.020000000000000018,0.05048593863641638,0.12143223301619283,non_fall
1.484639,-0.0051,0.01065,-0.09245,0.0072,-0.0194,-0.0038,41.55,13.725,3.975,0.020000000000000018,0.09320104613146786,0.11996041055891701,non_fall
1.504639,0.0178,0.0679,-0.21,0.0128,-0.0258,-0.0035,41.25,13.575,3.75,0.020000000000000018,0.22142097913251127,0.12181013638037722,non_fall
1.524639,-0.0306,0.071,-0.1458,0.0128,-0.0258,-0.0035,41.25,13.575,3.75,0.020000000000000018,0.16503030024816656,0.12590579665627638,non_fall
1.544639,-0.043,0.0117,-0.0272,0.0128,-0.0258,-0.0035,41.25,13.575,3.75,0.020000000000000018,0.05220852420821718,0.130906082968294,non_fall
1.564639,0.0095,-0.0425,-0.0987,0.0128,-0.0258,-0.0035,41.1,14.175,3.825,0.019999999999999796,0.10788044308399924,0.13583716623183797,non_fall
1.584639,-0.0059,-0.0409,-0.1845,0.0087,-0.0383,-0.009,41.1,14.175,3.825,0.020000000000000018,0.18907107129331024,0.14034174689583628,non_fall
1.604639,-0.0073,-0.0013,-0.1872,0.0087,-0.0383,-0.009,41.1,14.175,3.825,0.020000000000000018,0.18734679073845914,0.14466158650194275,non_fall
1.624639,0.0248,0.052,-0.1566,0.0087,-0.0383,-0.009,40.8,13.05,4.05,0.020000000000000018,0.16686102001366285,0.14939139726024797,non_fall
1.644639,0.0387,-0.02725,-0.0306,0.0179,-0.0194,-0.0111,40.8,13.05,4.05,0.020000000000000018,0.0563614451553542,0.15497715430345269,non_fall
1.664639,0.0341,-0.0977,0.0063,0.0179,-0.0194,-0.0111,40.8,13.05,4.05,0.020000000000000018,0.10367154865246299,0.16118562862931737,non_fall
1.684639,0.0922,-0.0831,-0.1655,0.0179,-0.0194,-0.0111,40.8,13.05,4.05,0.020000000000000018,0.20687363292599664,0.16703207945150522,non_fall
1.704639,-0.0988,0.0257,-0.2722,0.0179,-0.0194,-0.0111,41.85,13.725,3.825,0.020000000000000018,0.2907142411372377,0.17140758980006096,non_fall
1.724639,-0.0774,0.0698,0.1344,0.0223,0.0246,-0.0194,41.85,13.725,3.825,0.020000000000000018,0.17007692377274466,0.17397632912379937,non_fall
1.744639,0.0898,0.0223,-0.1464,0.0223,0.0246,-0.0194,41.85,13.725,3.825,0.020000000000000018,0.17318859662229497,0.17553248958577902,non_fall
1.764639,0.0044,0.0508,0.0446,0.0223,0.0246,-0.0194,41.85,13.725,3.825,0.020000000000000018,0.06774333915596426,0.1774238790716316,non_fall
1.784639,0.0135,-0.1501,0.0877,0.0745,-0.02,-0.0148,40.95,14.025,4.575,0.020000000000000018,0.17436613776762966,0.18050397311411162,non_fall
1.804639,0.0278,-0.1058,-0.1455,0.0745,-0.02,-0.0148,40.95,14.025,4.575,0.020000000000000018,0.18203496916801454,0.1845252846933161,non_fall
1.824639,0.0749,0.0909,-0.1973,0.0745,-0.02,-0.0148,40.95,14.025,4.575,0.019999999999999796,0.2297827452181734,0.18851338350584076,non_fall
1.844639,0.0348,0.1926,-0.2033,0.0745,-0.02,-0.0148,41.025,13.425,3.75,0.020000000000000018,0.28219973423091665,0.19182023263058803,non_fall
1.864639,0.0388,0.1548,-0.0572,0.0899,0.0014,-0.0195,41.025,13.425,3.75,0.020000000000000018,0.16952970241229115,0.19496778667445164,non_fall
1.884639,-0.0177,-0.1117,0.152,0.0899,0.0014,-0.0195,41.025,13.425,3.75,0.020000000000000018,0.1894575941998631,0.19951632999127197,non_fall
1.904639,-0.0364,-0.187,0.0822,0.0899,0.0014,-0.0195,41.2125,13.65,3.5625,0.020000000000000018,0.20748686705427888,0.20691724986258112,non_fall
1.924639,-0.0256,0.0254,-0.0163,0.117,0.0162,-0.0177,41.4,13.875,3.375,0.020000000000000018,0.03957537112902417,0.2171036021328692,non_fall
1.944639,0.0192,0.1435,-0.2577,0.117,0.0162,-0.0177,41.4,13.875,3.375,0.020000000000000018,0.29558447185195635,0.22787692067387783,non_fall
1.964639,-0.0072,0.1823,-0.2603,0.117,0.0162,-0.0177,41.4,13.875,3.375,0.020000000000000018,0.3178698161197442,0.2357129448351491,non_fall
1.984639,-0.0674,0.0919,-0.2234,0.117,0.0162,-0.0177,40.8,13.725,3.975,0.020000000000000018,0.25079060987206037,0.23765523494982613,non_fall
2.004639,-0.1206,-0.032,-0.2277,0.1092,0.0142,-0.0115,40.8,13.725,3.975,0.020000000000000018,0.25964523873932294,0.23316757351068806,non_fall
2.024639,-0.1325,-0.0364,-0.1802,0.1092,0.0142,-0.0115,40.8,13.725,3.975,0.020000000000000018,0.22661255481548237,0.22480270385190704,non_fall
2.044639,-0.11755,-0.031,-0.14635,0.1092,0.0142,-0.0115,41.25,14.175,4.575,0.020000000000000018,0.19025594603060375,0.21727793955349017,non_fall
2.064639,-0.13795,-0.0415,-0.1207,0.04,0.0002,0.0041,41.25,14.175,4.575,0.020000000000000018,0.18793866685703609,0.21543374760114584,non_fall
2.084639,-0.1241,-0.0335,-0.1379,0.04,0.0002,0.0041,41.25,14.175,4.575,0.020000000000000018,0.1885191502208728,0.22207947527531346,non_fall
2.104639,-0.0682,0.0055,-0.1758,0.04,0.0002,0.0041,41.25,14.175,4.575,0.020000000000000018,0.18864551412636346,0.23674285090344005,non_fall
2.124639,-0.0363,0.0917,-0.2815,0.04,0.0002,0.0041,41.1,13.8,4.05,0.020000000000000018,0.2982764321900072,0.25589220603628193,non_fall
2.144639,-0.003,0.0866,-0.3341,0.0342,-0.0504,0.0244,41.1,13.8,4.05,0.020000000000000018,0.34515412499345854,0.2744737199351652,non_fall
2.164639,-0.0389,0.0055,-0.2978,0.0342,-0.0504,0.0244,41.1,13.8,4.05,0.020000000000000018,0.3003802590051483,0.2879334501242179,non_fall
2.184639,-0.0462,-0.0417,-0.3111,0.0342,-0.0504,0.0244,40.95,13.7625,3.7875,0.020000000000000018,0.3172641486206722,0.29368064514395126,non_fall
2.204639,-0.1069,-0.0459,-0.2107,0.0008,-0.0512,0.026,40.8,13.725,3.525,0.019999999999999574,0.24068425374336394,0.29137804144079077,non_fall
2.224639,-0.09,-0.0911,-0.0885,0.0008,-0.0512,0.026,40.8,13.725,3.525,0.020000000000000018,0.15566457528930594,0.28223531137328023,non_fall
2.244639,0.0471,-0.0929,-0.365,0.0008,-0.0512,0.026,40.8,13.725,3.525,0.020000000000000018,0.3795705731481301,0.26804067726389885,non_fall
2.264639,-0.0939,-0.0211,-0.3107,0.0008,-0.0512,0.026,41.85,13.275,3.75,0.020000000000000018,0.3252643693981866,0.25056871612388937,non_fall
2.284639,-0.0248,0.0532,-0.11615,0.0058,-0.0397,0.0286,41.85,13.275,3.75,0.020000000000000018,0.1301387816909318,0.23142622615842914,non_fall
2.304639,0.155,0.0833,-0.2141,0.0058,-0.0397,0.0286,41.85,13.275,3.75,0.020000000000000018,0.27713300056110246,0.21199982992071134,non_fall
2.324639,0.0243,0.0177,-0.1022,0.0058,-0.0397,0.0286,41.55,13.5,3.15,0.020000000000000018,0.10652990190552135,0.19332480465355772,non_fall
2.344639,0.04095,-0.1365,0.02635,0.0696,-0.0658,0.02,41.55,13.5,3.15,0.020000000000000018,0.1449257568550187,0.1760561625000445,non_fall
2.364639,0.0842,-0.0691,-0.2673,0.0696,-0.0658,0.02,41.55,13.5,3.15,0.020000000000000018,0.2886411959509591,0.16075320113465857,non_fall
2.384639,0.0927,-0.0645,-0.1106,0.0696,-0.0658,0.02,41.4375,13.5375,3.3,0.020000000000000018,0.15806928860471284,0.14832959716485988,non_fall
2.404639,0.0296,-0.089,-0.0215,0.0696,-0.0658,0.02,41.325,13.575,3.45,0.020000000000000018,0.09622582813361494,0.1401949431385758,non_fall
2.424639,-0.0348,-0.1135,0.0798,0.1356,-0.036,-0.0053,41.325,13.575,3.45,0.020000000000000018,0.143043105391347,0.13775175562548364,non_fall
2.444639,-0.0187,-0.0915,0.0355,0.1356,-0.036,-0.0053,41.325,13.575,3.45,0.020000000000000018,0.09991091031514025,0.14146055146989203,non_fall
2.464639,0.0832,0.0064,-0.1071,0.1356,-0.036,-0.0053,41.55,12.975,2.775,0.020000000000000018,0.13577043124333074,0.15013307435699277,non_fall
2.484639,0.0824,0.0867,-0.065,0.2277,-0.0139,-0.0093,41.55,12.975,2.775,0.020000000000000018,0.13613100308159048,0.16107798278949642,non_fall
2.504639,-0.0096,0.1216,-0.1253,0.2277,-0.0139,-0.0093,41.55,12.975,2.775,0.020000000000000018,0.17486797877255858,0.17126727585747348,non_fall
2.524639,-0.0822,0.1675,-0.2065,0.2277,-0.0139,-0.0093,41.55,12.975,2.775,0.020000000000000018,0.27830799485462143,0.17908253453862014,backward_fall
2.544639,-0.0037,0.0809,-0.2368,0.2225,-0.0169,-0.01075,41.1,13.5,2.925,0.020000000000000018,0.25026533919022825,0.1857182814722855,backward_fall
2.564639,0.0696,0.0085,-0.122,0.2173,-0.0199,-0.0122,41.1,13.5,2.925,0.020000000000000018,0.14071392965872284,0.19528647582313807,backward_fall
2.584639,0.05095,-0.0104,-0.16685,0.2173,-0.0199,-0.0122,41.1,13.5,2.925,0.020000000000000018,0.17476551433277676,0.21327564169915048,backward_fall
2.604639,-0.0231,0.0401,-0.216,0.2173,-0.0199,-0.0122,41.55,13.05,2.55,0.020000000000000018,0.22090183340117392,0.24399627797702084,backward_fall
2.624639,-0.1014,0.0426,-0.2222,0.1903,0.005,-0.009,41.55,13.05,2.55,0.020000000000000018,0.24793055479307105,0.2883251081814378,backward_fall
2.644639,0.0012,0.013,-0.3223,0.1903,0.005,-0.009,41.55,13.05,2.55,0.020000000000000018,0.3225643036667262,0.3429914424893786,backward_fall
2.664639,0.1088,-0.015,-0.2952,0.1903,0.005,-0.009,41.55,13.05,2.55,0.020000000000000018,0.31496901434903085,0.4019413384231152,backward_fall
2.684639,0.1218,0.0172,-0.6451,0.19395,-0.0063,-0.00265,41.55,12.75,2.25,0.020000000000000018,0.6567229933541234,0.45934072237584456,backward_fall
2.704639,0.0964,0.1277,-0.5735,0.1976,-0.0176,0.0037,41.55,12.75,2.25,0.019999999999999574,0.5954011252928567,0.5128684390541919,backward_fall
2.724639,0.0101,0.2121,-0.4719,0.1976,-0.0176,0.0037,41.55,12.75,2.25,0.020000000000000018,0.5174727335812004,0.5655329646996169,backward_fall
2.744639,0.0162,0.24985,-0.63135,0.1976,-0.0176,0.0037,41.4,12.375,2.55,0.020000000000000018,0.6791835429396091,0.6247871280365449,backward_fall
2.764639,0.1105,-0.0229,-0.5523,0.1559,-0.0365,0.0214,41.4,12.375,2.55,0.020000000000000018,0.5637108744737855,0.6991255467148809,backward_fall
2.784639,0.2908,-0.2177,-0.548,0.1559,-0.0365,0.0214,41.4,12.375,2.55,0.020000000000000018,0.6574662957140845,0.7937841288417332,backward_fall
2.804639,0.4431,-0.008,-0.9263,0.1559,-0.0365,0.0214,41.85,12.45,2.25,0.020000000000000018,1.0268560269093228,0.9076898543023485,backward_fall
2.824639,0.2937,0.5642,-0.6507,0.1321,0.0084,0.0244,41.85,12.45,2.25,0.020000000000000018,0.9099405584981911,1.0331222703841827,backward_fall
2.844639,0.308,0.8187,-1.1038,0.1321,0.0084,0.0244,41.85,12.45,2.25,0.020000000000000018,1.40837073599248,1.1580953307030895,backward_fall
2.864639,0.2272,0.768,-1.0763,0.1321,0.0084,0.0244,41.85,12.45,2.25,0.020000000000000018,1.3415906715537345,1.2701790813736822,backward_fall
2.884639,-0.0146,0.5063,-1.0626,0.1321,0.0084,0.0244,41.925,11.775,2.25,0.020000000000000018,1.1771455347577036,1.3602134407103739,backward_fall
2.904639,-0.0331,0.267,-1.2186,0.0295,-0.0385,0.0373,41.925,11.775,2.25,0.020000000000000018,1.2479465413229847,1.4252873370745627,backward_fall
2.924639,0.3689,0.2832,-1.4047,0.0295,-0.0385,0.0373,41.925,11.775,2.25,0.020000000000000018,1.479686297834781,1.4715954980778891,backward_fall
2.944639,0.648,0.5532,-1.39725,0.0295,-0.0385,0.0373,41.925,11.775,2.25,0.020000000000000018,1.6365334712434085,1.5179490368803872,backward_fall
2.964639,0.4623,0.8199,-1.3284,-0.05595,-0.0214,0.0488,41.025,12.0,3.15,0.020000000000000018,1.6280675231697241,1.599330240376188,backward_fall
2.984639,0.2832,1.2593,-1.3565,-0.1414,-0.0043,0.0603,41.025,12.0,3.15,0.020000000000000018,1.872466549767979,1.7680978127319236,backward_fall
3.004639,0.0655,1.5263,-1.6583,-0.1414,-0.0043,0.0603,41.025,12.0,3.15,0.020000000000000018,2.2547374193018572,2.089813918902228,backward_fall
3.024639,0.0298,2.1972,-1.8388,-0.1414,-0.0043,0.0603,40.725,11.475,2.85,0.020000000000000018,2.8652681061289886,2.6316950292622328,backward_fall
3.044639,0.3122,2.8887,-1.6268,-0.4054,-0.0831,0.0548,40.725,11.475,2.85,0.020000000000000018,3.329945160209099,3.4440578984260264,backward_fall
3.064639,0.4068,3.6729,-2.1468,-0.4054,-0.0831,0.0548,40.725,11.475,2.85,0.020000000000000018,4.2736905468225,4.538379715954757,backward_fall
3.084639,0.9109,5.016,-2.3129,-0.4054,-0.0831,0.0548,40.95,11.1,2.925,0.020000000000000018,5.598169452597876,5.868830231416013,backward_fall
3.104639,0.8522,6.5385,-3.0082,-0.61655,-0.1124,0.04135,40.95,11.1,2.925,0.020000000000000018,7.247585413777474,7.325690797883075,backward_fall
3.124639,-0.48865,7.57845,-2.668,-0.8277,-0.1417,0.0279,40.95,11.1,2.925,0.020000000000000018,8.049217802060024,8.747476956400828,backward_fall
3.144639,-5e-05,8.69775,0.0503,-0.8277,-0.1417,0.0279,40.95,11.1,2.925,0.020000000000000018,8.697895444014028,9.953580922780395,backward_fall
3.164639,1.89095,11.66565,-2.77275,-0.8277,-0.1417,0.0279,41.85,10.725,4.425,0.020000000000000018,12.138831261184084,10.79103982385351,backward_fall
3.184639,1.4354,14.1417,-5.3041,-1.413,-0.0495,-0.0525,41.85,10.725,4.425,0.020000000000000018,15.1717345369605,11.178315480390765,backward_fall
3.204639,-1.1051,12.6773,-2.6857,-1.413,-0.0495,-0.0525,41.85,10.725,4.425,0.019999999999999574,13.005697435739462,11.121458974918331,backward_fall
3.224639,-0.0973,6.2378,0.3753,-1.413,-0.0495,-0.0525,41.7,10.7625,5.1375,0.020000000000000018,6.2498372954821795,10.686092916630919,backward_fall
3.244639,2.4297,3.8374,-2.16115,-1.7023,-0.0089,-0.1124,41.55,10.8,5.85,0.020000000000000018,5.029875761139633,9.937762238509565,backward_fall
3.264639,-1.6619,9.2646,-6.3057,-1.7023,-0.0089,-0.1124,41.55,10.8,5.85,0.020000000000000018,11.329456176710336,8.894642959835243,backward_fall
3.284639,-3.0808,8.4723,-1.7373,-1.7023,-0.0089,-0.1124,41.55,10.8,5.85,0.020000000000000018,9.180926272441143,7.538760821740635,backward_fall
3.304639,1.4009,-1.9567,0.3775,-1.7023,-0.0089,-0.1124,41.25,10.425,7.725,0.020000000000000018,2.435919118115378,5.897758792166953,backward_fall
3.324639,2.0842,-1.4954,-2.9528,-1.0377,-0.1043,-0.3439,41.25,10.425,7.725,0.020000000000000018,3.9114113360780656,4.166524848950159,backward_fall
3.344639,-3.1113,5.4165,-2.6142,-1.0377,-0.1043,-0.3439,41.25,10.425,7.725,0.020000000000000018,6.771462292592347,2.8121512588505877,backward_fall
3.364639,-1.9309,9.7223,-5.198,-1.0377,-0.1043,-0.3439,42.45,9.975,11.85,0.020000000000000018,11.192439238164308,2.5959172815014084,backward_fall
3.384639,3.7096,1.8041,1.2536,0.2934,-0.009,-0.2422,42.45,9.975,11.85,0.020000000000000018,4.311313248883685,4.450765617503029,backward_fall
3.404639,1.6203,10.4187,-3.9203,0.2934,-0.009,-0.2422,42.45,9.975,11.85,0.020000000000000018,11.24915258452831,9.190687734925948,backward_fall
3.424639,-8.73375,9.7485,-3.27915,0.2934,-0.009,-0.2422,42.45,9.975,11.85,0.020000000000000018,13.49312662191384,17.110091552132626,backward_fall
3.444639,0.8453,-8.5317,4.8402,0.2934,-0.009,-0.2422,40.725,7.8,24.375,0.020000000000000018,9.845403649419358,27.62765475590469,backward_fall
3.464639,-4.6369,-13.1176,0.4205,1.1676,-0.3474,0.239,40.725,7.8,24.375,0.020000000000000018,13.919378277063958,39.18063745189339,backward_fall
3.484639,-29.3714,-68.6597,20.2414,1.1676,-0.3474,0.239,40.725,7.8,24.375,0.020000000000000018,77.37278472441069,49.5189551177299,backward_fall
3.504639,-15.5042,-68.798,-20.6292,1.1676,-0.3474,0.239,183.1125,-23.475,-43.725,0.020000000000000018,73.47862896298487,56.362080023186735,backward_fall
3.524639,24.18035,-28.8644,62.649,1.1676,-0.3474,0.239,325.5,-54.75,-111.825,0.020000000000000018,73.09404978849167,58.155159892279286,backward_fall
3.544639,1.211,8.2941,-25.2221,4.7532,0.6547,2.154,325.5,-54.75,-111.825,0.020000000000000018,26.578430055592072,54.573421678053734,backward_fall
3.564639,0.5028,49.8937,-30.7033,4.7532,0.6547,2.154,325.5,-54.75,-111.825,0.020000000000000018,58.58606266357213,46.566767453561624,backward_fall
3.584639,-2.8535,36.4334,0.7718,4.7532,0.6547,2.154,67.05,55.275,48.75,0.020000000000000018,36.55312261695299,35.98614201904417,backward_fall
3.604639,4.0554,-9.8951,-11.0844,5.7485,-0.0551,0.7952,67.05,55.275,48.75,0.020000000000000018,15.402051698718584,24.994664349602857,backward_fall
3.624639,4.1137,0.86805,-5.82535,5.7485,-0.0551,0.7952,67.05,55.275,48.75,0.020000000000000018,7.184061602951356,15.485678971011861,backward_fall
3.644639,-0.2938,12.8108,-5.52015,5.7485,-0.0551,0.7952,59.55,11.325,14.475,0.020000000000000018,13.952597288766706,8.676250558662854,backward_fall
3.664639,1.4133,5.6277,2.3832,2.1242,-0.3662,0.0857,59.55,11.325,14.475,0.020000000000000018,6.272803712854404,4.964337948408522,backward_fall
3.684639,-0.154,3.5601,-3.2712,2.1242,-0.3662,0.0857,59.55,11.325,14.475,0.020000000000000018,4.837228281774594,4.038451007770538,backward_fall
3.704639,-5.5776,6.64625,-2.362,2.1242,-0.3662,0.0857,59.55,11.325,14.475,0.019999999999999574,8.99229141111986,5.144497736635716,backward_fall
3.724639,-4.132,-0.2237,3.5137,2.20085,-0.87185,0.0165,71.925,16.125,22.875,0.020000000000000018,5.428586683474807,7.387410581293485,backward_fall
3.744639,-5.8302,-4.2092,8.6916,2.2775,-1.3775,-0.0527,71.925,16.125,22.875,0.020000000000000018,11.280625303590222,9.971461557958783,backward_fall
3.764639,-1.6381,-3.4897,18.9278,2.2775,-1.3775,-0.0527,71.925,16.125,22.875,0.020000000000000018,19.316391757779197,12.329241167847234,backward_fall
3.784639,-4.4052,4.3365,4.4002,2.2775,-1.3775,-0.0527,77.55,17.625,28.65,0.020000000000000018,7.5876728533852855,14.133144854895022,backward_fall
3.804639,1.60455,9.5626,2.9787,3.7518,-2.4307,0.1052,77.55,17.625,28.65,0.020000000000000018,10.143498072780416,15.223073672285972,backward_fall
3.824639,6.5852,6.9918,9.9265,3.7518,-2.4307,0.1052,77.55,17.625,28.65,0.020000000000000018,13.812513476192521,15.516027395808281,backward_fall
3.844639,5.37935,1.207,14.14055,3.7518,-2.4307,0.1052,77.55,17.625,28.65,0.020000000000000018,15.17726621381466,14.965329301543031,backward_fall
3.864639,5.5761,10.4648,-18.822,3.7518,-2.4307,0.1052,75.15,-4.5,30.675,0.020000000000000018,22.245732495245015,13.59299599879085,backward_fall
3.884639,4.6195,12.8143,1.7828,2.0673,-0.7063,-0.1106,75.15,-4.5,30.675,0.020000000000000018,13.737701430006403,11.553617371076845,backward_fall
3.904639,-1.1989,6.5752,0.81705,2.0673,-0.7063,-0.1106,75.15,-4.5,30.675,0.020000000000000018,6.73336371752633,9.156441158582902,backward_fall
3.924639,1.4822,-0.7303,-2.1249,2.0673,-0.7063,-0.1106,42.45,12.15,-6.825,0.020000000000000018,2.6917382747956755,6.803233713453329,backward_fall
3.944639,0.6934,-1.74275,-3.1313,0.0064,-0.1826,-0.0677,42.45,12.15,-6.825,0.020000000000000018,3.6500713434808367,4.865489545206756,backward_fall
3.964639,0.132,2.1631,-1.3059,0.0064,-0.1826,-0.0677,42.45,12.15,-6.825,0.020000000000000018,2.5301779423589954,3.5686926165962043,backward_fall
3.984639,0.9875,4.8335,-0.6493,0.0064,-0.1826,-0.0677,42.45,12.15,-6.825,0.020000000000000018,4.975888763829031,2.942145302185927,backward_fall
4.004639,1.0646,3.7338,2.5189,-0.05215,0.0223,0.1158,41.625,10.35,-10.875,0.020000000000000018,4.628119792097002,2.8476675665887528,backward_fall
4.024639,2.3234,0.6132,0.7022,-0.1107,0.2272,0.2993,41.625,10.35,-10.875,0.019999999999999574,2.5034549406769835,3.0585897992462434,backward_fall
4.044639,2.3109,1.3834,-0.8652,-0.1107,0.2272,0.2993,41.625,10.35,-10.875,0.020000000000000462,2.828891197978459,3.3465707890975445,backward_fall
4.064639,1.1813,3.4283,2.3381,-0.1107,0.2272,0.2993,42.525,10.35,-11.55,0.019999999999999574,4.314559327440057,3.5453974631790706,backward_fall
4.084639,1.4396,3.7714,1.6862,-0.0151,0.0689,0.2772,42.525,10.35,-11.55,0.020000000000000462,4.374834460868205,3.580001769655494,backward_fall
4.104639,0.9749,1.4561,1.9545,-0.0151,0.0689,0.2772,42.525,10.35,-11.55,0.019999999999999574,2.6250195180226754,3.461854225195794,backward_fall
4.124639,-0.6325,0.88335,-2.69665,-0.0151,0.0689,0.2772,42.525,10.35,-11.55,0.020000000000000462,2.9072813236768127,3.258704966925369,backward_fall
4.144639,-1.05925,1.60865,-2.8609,-0.0151,0.0689,0.2772,43.35,9.525,-12.15,0.019999999999999574,3.4488424427624986,3.0520212921425034,backward_fall
4.164639,-0.2376,1.3575,-0.5548,0.0903,0.0327,0.1973,43.35,9.525,-12.15,0.020000000000000462,1.485618743150476,2.898705436072288,backward_fall
4.184639,-0.19935,-0.9538,-2.25125,0.0903,0.0327,0.1973,43.35,9.525,-12.15,0.019999999999999574,2.453079987485121,2.8115542606016053,backward_fall
4.204639,-1.01775,-2.87345,-0.3225,0.0903,0.0327,0.1973,43.05,7.95,-12.825,0.020000000000000462,3.0653770102550193,2.7652066625072282,backward_fall
4.224639,-0.6152,-3.8134,1.5853,-0.166,-0.1542,0.0945,43.05,7.95,-12.825,0.019999999999999574,4.17536425836118,2.722957715328735,backward_fall
4.244639,-0.2772,-3.6142,0.9625,-0.166,-0.1542,0.0945,43.05,7.95,-12.825,0.020000000000000462,3.7504250065825873,2.668709376626294,backward_fall
4.264639,0.2138,-1.5413,-0.8892,-0.166,-0.1542,0.0945,43.05,7.95,-12.825,0.019999999999999574,1.7922033283084817,2.6245033063421817,backward_fall
4.284639,-0.5288,0.4367,-1.9721,0.1194,-0.0368,0.0286,42.45,7.425,-11.925,0.020000000000000462,2.087945099852963,2.642419555438479,backward_fall
4.304639,-1.0361,1.7018,-2.0123,0.4048,0.0806,-0.0373,42.45,7.425,-11.925,0.019999999999999574,2.831779959672008,2.7754768973318327,backward_fall
4.324639,-0.5486,1.5129,-2.0585,0.4048,0.0806,-0.0373,42.45,7.425,-11.925,0.020000000000000462,2.612900805618154,3.044210904494485,backward_fall
4.344639,0.187,1.25,-1.8824,0.4048,0.0806,-0.0373,43.35,7.575,-12.375,0.019999999999999574,2.2673550141078485,3.4169368947371264,backward_fall
4.364639,-1.2864,1.3098,3.6979,-0.6087,0.3068,-0.0319,43.35,7.575,-12.375,0.020000000000000462,4.128542770760647,3.8142883477180827,backward_fall
4.384639,-0.0575,0.35275,4.9532,-0.6087,0.3068,-0.0319,43.35,7.575,-12.375,0.019999999999999574,4.966077833914809,4.137280815302861,backward_fall
4.404639,1.9386,-1.7302,5.1813,-0.6087,0.3068,-0.0319,43.35,7.575,-12.375,0.020000000000000462,5.796346408730245,4.30653225757984,backward_fall
4.424639,1.51495,-3.03075,2.34745,-0.6087,0.3068,-0.0319,43.5,7.875,-10.125,0.019999999999999574,4.122018991647176,4.2934931007460815,backward_fall
4.444639,-0.2005,0.9488,2.7739,-0.5655,0.102,-0.2752,43.5,7.875,-10.125,0.019999999999999574,2.938527335248049,4.128307861478736,backward_fall
4.464639,1.462,2.2885,3.2104,-0.5655,0.102,-0.2752,43.5,7.875,-10.125,0.020000000000000462,4.204919072943022,3.8822346070090923,backward_fall
4.484639,1.2374,2.943,-0.1123,-0.5655,0.102,-0.2752,43.5,7.725,-4.125,0.019999999999999574,3.1945295506537423,3.635808004677903,backward_fall
4.504639,0.6176,3.4934,-1.2859,-1.3272,0.594,0.0669,43.5,7.725,-4.125,0.020000000000000462,3.7734350570799546,3.448209919457224,backward_fall
4.524639,-0.685,1.45095,2.1808,-1.3272,0.594,0.0669,43.5,7.725,-4.125,0.019999999999999574,2.7074655200943925,3.338870058814203,backward_fall
4.544639,-0.3607,2.8493,2.0552,-1.3272,0.594,0.0669,43.5,7.725,-4.125,0.020000000000000462,3.5316373001767896,3.285451588449535,non_fall
4.564639,-0.203,2.8595,-0.871,-1.8424,0.5018,0.1934,44.25,7.575,1.725,0.019999999999999574,2.996095834582065,3.2370588273934593,non_fall
4.584639,-1.4891,2.2909,-1.0117,-2.3576,0.4096,0.3199,44.25,7.575,1.725,0.020000000000000462,2.913619486137475,3.137466849478016,non_fall
4.604639,-1.2748,5.2777,0.3785,-2.3576,0.4096,0.3199,44.25,7.575,1.725,0.019999999999999574,5.442655103899199,2.9496228282549937,non_fall
4.624639,-0.4218,-1.2153,0.6195,-2.3576,0.4096,0.3199,47.55,5.175,4.575,0.020000000000000462,1.4278128658896447,2.6710539801642277,non_fall
4.644639,1.4291,0.9604,0.1438,-3.084,-0.1124,0.297,47.55,5.175,4.575,0.019999999999999574,1.727823315619974,2.3332344920915573,non_fall
4.664639,0.4712,-0.2278,-1.1937,-3.084,-0.1124,0.297,47.55,5.175,4.575,0.020000000000000462,1.3033963211548512,1.9867483744011523,non_fall
4.684639,-0.2556,-2.5126,0.1684,-3.084,-0.1124,0.297,53.925,2.775,6.975,0.019999999999999574,2.5311753554426053,1.6820312077465742,non_fall
4.704639,0.3056,-0.9312,1.479,-3.0272,-0.04415,0.3481,60.3,0.375,9.375,0.020000000000000462,1.7742507714525588,1.4553168287698037,non_fall
4.724639,0.7046,0.43845,-0.0124,-2.9704,0.0241,0.3992,60.3,0.375,9.375,0.019999999999999574,0.8299718805477689,1.3225284896605878,non_fall
4.744639,0.4309,1.0487,-1.1484,-2.9704,0.0241,0.3992,60.3,0.375,9.375,0.020000000000000462,1.613774786021891,1.2785121723843287,non_fall
4.764639,-0.29945,-0.03795,-0.533,-2.9704,0.0241,0.3992,71.85,1.875,13.35,0.019999999999999574,0.6125353091863358,1.2993539386392425,non_fall
4.784639,-1.4169,-0.1414,-0.354,-2.3878,0.3476,0.3317,71.85,1.875,13.35,0.020000000000000462,1.4672816941541935,1.3480860007866762,non_fall
4.804639,-0.9944,1.4804,-0.5253,-2.3878,0.3476,0.3317,71.85,1.875,13.35,0.019999999999999574,1.8591276475809828,1.3843362442780323,non_fall
4.824639,0.5459,-0.1086,-1.4561,-2.3878,0.3476,0.3317,36.3375,2.1375,-7.125,0.020000000000000462,1.55885470137534,1.3760186083921468,non_fall
4.844639,0.8453,-0.438,-0.5496,-1.9355,0.4636,0.2642,0.825,2.4,-27.6,0.019999999999999574,1.0992889747468588,1.3089166976070836,non_fall
4.864639,-0.5388,-0.1925,-0.3653,-1.9355,0.4636,0.2642,0.825,2.4,-27.6,0.020000000000000462,0.6788267672978135,1.1906409485533187,non_fall
4.884639,-1.5198,0.3335,-0.4482,-1.9355,0.4636,0.2642,0.825,2.4,-27.6,0.019999999999999574,1.6192274485074665,1.0483219802587103,non_fall
4.904639,-0.6181,0.2912,-1.083,-1.9355,0.4636,0.2642,2.25,4.8,-28.35,0.020000000000000462,1.2805210072466597,0.9213986385533657,non_fall
4.924639,0.4158,0.1481,-0.3954,-2.0705,0.2663,0.2123,2.25,4.8,-28.35,0.019999999999999574,0.5925912672323141,0.8507455279745362,non_fall
4.944639,0.219,0.0569,0.4894,-2.0705,0.2663,0.2123,2.25,4.8,-28.35,0.019999999999999574,0.5391761956911674,0.8655191698048244,non_fall
4.964639,-0.39845,0.5241,0.6474,-2.0705,0.2663,0.2123,2.25,4.8,-28.35,0.020000000000000462,0.9233471570866507,0.9712402706371414,non_fall
4.984639,-0.196,0.7842,0.0092,-2.18645,0.2125,0.20765,2.175,5.475,-24.9,0.019999999999999574,0.8083750862068919,1.144692211018156,non_fall
5.004639,0.0884,0.7224,-0.4744,-2.3024,0.1587,0.203,2.175,5.475,-24.9,0.020000000000000462,0.8687529453187484,1.3401150838063587,non_fall
5.024639,0.7068,1.2846,1.5875,-2.3024,0.1587,0.203,2.175,5.475,-24.9,0.019999999999999574,2.1609996876445865,1.5065068116198845,non_fall
5.044639,1.25755,1.29325,2.1972,-2.3024,0.1587,0.203,1.95,6.975,-24.525,0.020000000000000462,2.8428182152575285,1.6096473172959485,non_fall
5.064639,0.816,1.2155,0.3175,-2.5465,0.2727,0.162,1.95,6.975,-24.525,0.019999999999999574,1.4980328768087836,1.6481563477858978,non_fall
5.084639,0.0322,0.9092,-0.6291,-2.5465,0.2727,0.162,1.95,6.975,-24.525,0.020000000000000462,1.1060959678074955,1.6545232263465357,non_fall
5.104639,-0.1853,0.7546,0.3688,-2.5465,0.2727,0.162,2.775,6.525,-20.625,0.019999999999999574,0.8600992326470244,1.6804256416032515,non_fall
5.124639,0.2802,1.1987,1.412,-2.7238,0.35295,0.1402,2.775,6.525,-20.625,0.020000000000000462,1.8732692625460976,1.7749901347187695,non_fall
5.144639,-0.0892,0.7157,2.7742,-2.9011,0.4332,0.1184,2.775,6.525,-20.625,0.019999999999999574,2.8664208989609326,1.9671715910174543,non_fall
5.164639,-0.4053,-0.5102,1.7188,-2.9011,0.4332,0.1184,2.775,6.525,-20.625,0.020000000000000462,1.838163640702318,2.2580914573154924,non_fall
5.184639,-1.2643,-1.3231,0.7996,-2.9011,0.4332,0.1184,-3.375,14.625,-10.65,0.019999999999999574,1.9970999624455457,2.6224749879308296,non_fall
5.204639,-3.3786,-2.2762,-0.76,-2.8122,0.2903,-0.2272,-3.375,14.625,-10.65,0.020000000000000462,4.1441071897333925,3.0159386422627223,non_fall
5.224639,-1.8342,0.7088,-0.0764,-2.8122,0.2903,-0.2272,-3.375,14.625,-10.65,0.019999999999999574,1.9678729735427538,3.385793399414291,non_fall
5.244639,4.8896,0.556,-2.4469,-2.8122,0.2903,-0.2272,-0.3375,14.6625,-3.1125,0.020000000000000462,5.49587515960834,3.6834722319390343,non_fall
5.264639,-1.48535,-0.9235,-1.67295,-1.3405,0.3645,0.212,2.7,14.7,4.425,0.019999999999999574,2.420305471422977,3.876005930854355,non_fall
5.284639,-0.9909,-3.2375,-2.1499,-1.3405,0.3645,0.212,2.7,14.7,4.425,0.020000000000000462,4.010655690781745,3.953879103083223,non_fall
5.304639,1.5709,-3.2353,-3.759,-1.3405,0.3645,0.212,2.7,14.7,4.425,0.019999999999999574,5.202400782331173,3.9333773049857665,non_fall
5.324639,1.7023,-2.8239,1.0498,-1.3405,0.3645,0.212,45.825,42.3,32.625,0.020000000000000462,3.460392541316664,3.851957001959196,non_fall
5.344639,0.3435,-2.6949,3.058,0.3964,0.0324,-0.0396,45.825,42.3,32.625,0.019999999999999574,4.0904574634140864,3.7556815064042928,non_fall
5.364639,0.5431,1.4715,-2.0109,0.3964,0.0324,-0.0396,45.825,42.3,32.625,0.020000000000000462,2.55029187937381,3.680760392448351,non_fall
5.384639,0.5398,2.6829,-1.3337,0.3964,0.0324,-0.0396,34.3125,55.5,35.85,0.019999999999999574,3.0443541416858846,3.6363520197474606,non_fall
5.404639,-0.2975,-3.1817,3.3278,1.6291,-0.0334,-0.3642,22.8,68.7,39.075,0.020000000000000462,4.613672504632292,3.598072107823229,non_fall
5.424639,0.2196,0.6294,3.0581,1.6291,-0.0334,-0.3642,22.8,68.7,39.075,0.019999999999999574,3.12991120161579,3.517262832956964,non_fall
5.444639,0.7581,3.5383,1.2298,1.6291,-0.0334,-0.3642,22.8,68.7,39.075,0.019999999999999574,3.821870031803803,3.342754392643821,non_fall
5.464639,1.7754,1.8406,1.1092,1.6291,-0.0334,-0.3642,-11.625,47.1,8.85,0.020000000000000462,2.7875039300420728,3.0460615248131817,non_fall
5.484639,0.4989,1.9792,1.7986,1.8023,0.0751,-0.2851,-11.625,47.1,8.85,0.019999999999999574,2.7204955081749356,2.640751882199314,non_fall
5.504639,-0.7314,2.2879,0.4809,1.8023,0.0751,-0.2851,-11.625,47.1,8.85,0.020000000000000462,2.449632049920967,2.1897571685437813,non_fall
5.524639,0.4183,2.2445,0.7043,1.8023,0.0751,-0.2851,-17.1,46.2,-7.65,0.019999999999999574,2.3893081906694245,1.7974171783332573,non_fall
5.544639,0.6283,1.6475,0.4257,0.8512,0.056,-0.1104,-17.1,46.2,-7.65,0.020000000000000462,1.8139012183688505,1.585735839276406,non_fall
5.564639,-0.5932,0.3782,-0.1773,0.8512,0.056,-0.1104,-17.1,46.2,-7.65,0.019999999999999574,0.7255044934388759,1.6585158284051846,non_fall
5.584639,1.1875,-0.2892,1.0024,0.8512,0.056,-0.1104,-17.1,46.2,-7.65,0.020000000000000462,1.580695622186637,2.0631701839404477,non_fall
5.604639,-0.5245,0.5642,-2.2461,0.8512,0.056,-0.1104,-21.3,43.725,-16.35,0.019999999999999574,2.3745288164181124,2.7647533020894173,non_fall
5.624639,-2.1747,1.2596,-1.9489,-0.4621,0.1011,-0.0658,-21.3,43.725,-16.35,0.020000000000000462,3.1802709727317264,3.6452257757254376,non_fall
5.644639,0.3524,0.32705,-5.1277,-0.4621,0.1011,-0.0658,-21.3,43.725,-16.35,0.019999999999999574,5.150189778299437,4.531870414236194,non_fall
5.664639,1.7085,-2.8565,-5.5691,-0.4621,0.1011,-0.0658,-25.725,37.95,-20.775,0.020000000000000462,6.487945692590221,5.246218996693631,non_fall
5.684639,-1.1917,-1.8225,-5.0761,-1.2012,0.463,0.3328,-25.725,37.95,-20.775,0.019999999999999574,5.523445152257783,5.655494995323688,non_fall
5.704639,-1.3895,-1.4336,-5.385,-1.2012,0.463,0.3328,-25.725,37.95,-20.775,0.020000000000000462,5.743182411346517,5.707754507166368,non_fall
5.724639,1.7128,-1.2938,-4.4661,-1.2012,0.463,0.3328,-25.725,37.95,-20.775,0.019999999999999574,4.955164123417104,5.4400707768592405,non_fall
5.744639,0.1377,0.0003,-5.2666,-1.2012,0.463,0.3328,-27.3,34.35,-21.15,0.020000000000000462,5.26839984625313,4.960647961139569,non_fall
5.764639,-1.5657,-0.5337,-4.3894,-1.7441,0.6072,0.8005,-27.3,34.35,-21.15,0.019999999999999574,4.69074456136763,4.413606453132086,non_fall
5.784639,-0.8996,-0.1368,-3.4474,-1.7441,0.6072,0.8005,-27.3,34.35,-21.15,0.020000000000000462,3.5654678739262256,3.9373263915096652,non_fall
5.804639,0.3211,0.3587,-2.9273,-1.7441,0.6072,0.8005,-27.075,30.45,-17.625,0.019999999999999574,2.9666237021233415,3.626780708392348,non_fall
5.824639,0.2416,0.5682,-3.2012,-1.9394,0.4513,0.7851,-27.075,30.45,-17.625,0.020000000000000462,3.2601998773081386,3.509698636039509,non_fall
5.844639,-0.94,-0.2512,-3.0662,-1.9394,0.4513,0.7851,-27.075,30.45,-17.625,0.019999999999999574,3.216874862346995,3.54416131876681,non_fall
5.864639,-1.8386,-0.989,-3.7787,-1.9394,0.4513,0.7851,-27.075,30.45,-17.625,0.020000000000000462,4.317075937483612,3.6389557539880295,non_fall
5.884639,-1.1287,-1.6257,-4.0567,-1.9394,0.4513,0.7851,-65.85,27.075,-6.225,0.019999999999999574,4.513721199852734,3.688996831120387,non_fall
5.904639,-0.7274,-1.1319,-3.6601,-1.8341,0.1535,0.6021,-65.85,27.075,-6.225,0.020000000000000462,3.8995692556999164,3.611469737017684,non_fall
5.924639,-1.6705,-0.8791,-2.1745,-1.8341,0.1535,0.6021,-65.85,27.075,-6.225,0.019999999999999574,2.8795550541706962,3.3689306214989085,non_fall
5.944639,-0.8339,1.0407,-1.8785,-1.8341,0.1535,0.6021,-64.35,24.525,-3.15,0.019999999999999574,2.3037378214545163,2.9736455213080966,non_fall
5.964639,0.0051,1.4127,-2.0647,-1.0775,-0.0371,0.4977,-64.35,24.525,-3.15,0.020000000000000462,2.501746068249134,2.4772901312088993,non_fall
5.984639,1.4029,0.8614,-1.9604,-1.0775,-0.0371,0.4977,-64.35,24.525,-3.15,0.019999999999999574,2.5599426809989323,1.9546433565283547,non_fall
6.004639,0.33,0.2168,-1.5422,-1.0775,-0.0371,0.4977,-64.35,24.525,-3.15,0.020000000000000462,1.5919431773778863,1.4872560701254725,non_fall
6.024639,-0.5808,0.2329,-0.2306,-1.0775,-0.0371,0.4977,-50.475,34.8,1.875,0.019999999999999574,0.6668938521234095,1.1481806054386463,non_fall
6.044639,-0.64835,0.29415,-1.04165,-0.6985,-0.1293,0.5177,-50.475,34.8,1.875,0.020000000000000462,1.261711800491697,0.9872514418536245,non_fall
6.064639,-0.207,0.9411,-0.9279,-0.6985,-0.1293,0.5177,-50.475,34.8,1.875,0.019999999999999574,1.3377281562410206,1.0183835116856907,non_fall
6.084639,0.0417,0.1214,0.097,-0.6985,-0.1293,0.5177,-11.85,41.325,-30.525,0.020000000000000462,0.16089080147727525,1.2125783838961055,non_fall
6.104639,-1.0975,-0.7306,0.207,-0.2793,-0.0119,0.4726,-11.85,41.325,-30.525,0.019999999999999574,1.334590427809221,1.5008607095247863,non_fall
6.124639,-0.4859,-0.161,-1.5511,-0.2793,-0.0119,0.4726,-11.85,41.325,-30.525,0.020000000000000462,1.6333802435440437,1.7897882183377432,non_fall
6.144639,1.7548,1.5036,-2.3489,-0.2793,-0.0119,0.4726,-11.85,41.325,-30.525,0.019999999999999574,3.295067102503377,1.9875839125623924,non_fall
6.164639,0.6902,1.1846,-2.0164,-0.0926,0.1098,0.43185,-13.275,-1.95,-62.025,0.020000000000000462,2.438344143061024,2.032300499724847,non_fall
6.184639,-0.937,0.1785,-1.1025,0.0941,0.2315,0.3911,-13.275,-1.95,-62.025,0.019999999999999574,1.457853730660247,1.90987441298357,non_fall
6.204639,-1.4019,-0.5974,0.1242,0.0941,0.2315,0.3911,-13.275,-1.95,-62.025,0.020000000000000462,1.5289329645213356,1.6540554321524266,non_fall
6.224639,-0.4212,-0.7548,0.3039,0.0941,0.2315,0.3911,-31.875,-9.3375,-51.525,0.019999999999999574,0.9162356083453644,1.329761097050375,non_fall
6.244639,0.71265,-0.7889,-0.37935,-0.0276,0.2066,0.1512,-50.475,-16.725,-41.025,0.020000000000000462,1.1287779476052853,1.0090471020304776,non_fall
6.264639,0.5176,-0.0304,-0.3235,-0.0276,0.2066,0.1512,-50.475,-16.725,-41.025,0.019999999999999574,0.6111351487191683,0.7499206930150286,non_fall
6.284639,-0.1874,0.5119,0.0579,-0.0276,0.2066,0.1512,-50.475,-16.725,-41.025,0.020000000000000462,0.5481904596032295,0.5841706556530332,non_fall
6.304639,-0.2931,0.3779,0.4969,-0.0276,0.2066,0.1512,-63.3,-9.45,-29.925,0.019999999999999574,0.689656167956178,0.5153618759779443,non_fall
6.324639,-0.4207,-0.4587,-0.16035,0.2592,0.3551,0.1,-63.3,-9.45,-29.925,0.020000000000000462,0.6427334614752838,0.5246473174467993,non_fall
6.344639,0.0305,-0.49425,-0.0896,0.2592,0.3551,0.1,-63.3,-9.45,-29.925,0.019999999999999574,0.5032310329262296,0.5805542004673737,non_fall
6.364639,0.4297,-0.09115,0.3936,0.2592,0.3551,0.1,-66.0,-8.4,-25.425,0.020000000000000462,0.5898062160574438,0.6491463798699375,non_fall
6.384639,0.1072,-0.0151,0.7813,0.5058,0.2999,0.0023,-66.0,-8.4,-25.425,0.019999999999999574,0.7887645656341314,0.7022901479335398,non_fall
6.404639,-0.4912,-0.4273,-0.0864,0.5058,0.2999,0.0023,-66.0,-8.4,-25.425,0.020000000000000462,0.6567554263194177,0.7230466105979867,non_fall
6.424639,-0.5907,-0.7118,-0.4393,0.5058,0.2999,0.0023,-66.0,-8.4,-25.425,0.019999999999999574,1.0239971777304857,0.7077653326197153,non_fall
6.444639,-0.0066,-0.5137,0.0183,0.5932,0.25845,-0.0136,-68.4,-7.425,-21.45,0.019999999999999574,0.5140682250441083,0.6646419197083034,non_fall
6.464639,-0.0995,-0.2082,0.3241,0.6806,0.217,-0.0295,-68.4,-7.425,-21.45,0.020000000000000462,0.3978546216898831,0.6091597903707361,non_fall
6.484639,-0.4171,-0.0928,0.2952,0.6806,0.217,-0.0295,-68.4,-7.425,-21.45,0.019999999999999574,0.5193527606550292,0.558027975655339,non_fall
6.504639,-0.4563,-0.17565,0.59525,0.6806,0.217,-0.0295,-70.35,-4.95,-16.95,0.020000000000000462,0.7703149842759128,0.5239416248929731,non_fall
6.524639,0.1003,-0.31115,0.1773,0.8233,0.0985,-0.0223,-70.35,-4.95,-16.95,0.019999999999999574,0.37190012436136666,0.5128670706441173,non_fall
6.544639,0.3185,-0.0271,-0.2835,0.8233,0.0985,-0.0223,-70.35,-4.95,-16.95,0.020000000000000462,0.42725742825608076,0.5241792989964262,non_fall
6.564639,0.0606,0.5116,0.1127,0.8233,0.0985,-0.0223,-70.35,-4.95,-16.95,0.019999999999999574,0.5273596590563219,0.5530992105293753,non_fall
6.584639,-0.0981,0.6184,0.3936,0.9957,0.1765,-0.0258,-72.45,-1.725,-15.3,0.020000000000000462,0.7395695572425895,0.5945871514969734,non_fall
6.604639,0.321,0.6451,0.3442,0.9957,0.1765,-0.0258,-72.45,-1.725,-15.3,0.019999999999999574,0.798541576876245,0.6473834472328589,non_fall
6.624639,0.2811,0.6612,0.049,0.9957,0.1765,-0.0258,-72.45,-1.725,-15.3,0.020000000000000462,0.7201414097245069,0.7163434077307773,non_fall
6.644639,-0.2383,0.5355,0.168,0.9957,0.1765,-0.0258,-31.875,-4.65,-26.85,0.019999999999999574,0.6097303830382738,0.8115710995618476,non_fall
6.664639,0.0042,0.6505,0.9238,1.0168,0.2471,-0.0583,-31.875,-4.65,-26.85,0.020000000000000462,1.1298558890407218,0.94434556383755,non_fall
6.684639,0.0545,0.8213,0.5611,1.0168,0.2471,-0.0583,-31.875,-4.65,-26.85,0.019999999999999574,0.9961612068335125,1.1214111310555797,non_fall
6.704639,0.182,1.1338,0.4742,1.0168,0.2471,-0.0583,-32.3625,-3.5625,-26.55,0.020000000000000462,1.242373567007927,1.3398451145045613,non_fall
6.724639,0.1667,1.306,1.0335,1.06425,0.2522,-0.06535,-32.85,-2.475,-26.25,0.019999999999999574,1.6737822857229672,1.5844295145956937,non_fall
6.744639,0.3121,1.407,0.6751,1.1117,0.2573,-0.0724,-32.85,-2.475,-26.25,0.020000000000000462,1.5914821456742767,1.8287092463615826,non_fall
6.764639,0.3713,2.1177,-0.1208,1.1117,0.2573,-0.0724,-32.85,-2.475,-26.25,0.019999999999999574,2.153394905724447,2.0398753950385125,non_fall
6.784639,0.2068,2.4751,0.2541,1.1117,0.2573,-0.0724,-33.075,-0.45,-25.8,0.020000000000000462,2.4966884186858396,2.186314708425597,non_fall
6.804639,0.23665,2.03455,0.2846,1.089,0.2888,-0.0976,-33.075,-0.45,-25.8,0.019999999999999574,2.0679444105197797,2.2455448005883287,non_fall
6.824639,0.2852,1.8817,1.0513,1.089,0.2888,-0.0976,-33.075,-0.45,-25.8,0.020000000000000462,2.1742505881337597,2.2100653145253446,non_fall
6.844639,0.0077,1.7363,1.1152,1.089,0.2888,-0.0976,-34.275,1.95,-24.75,0.019999999999999574,2.0636055873155605,2.089670651070522,non_fall
6.864639,0.10075,1.8722,0.463,0.8703,0.25,-0.0899,-34.275,1.95,-24.75,0.020000000000000462,1.9312307999045584,1.9100973955833405,non_fall
6.884639,0.0654,2.0288,-0.0726,0.8703,0.25,-0.0899,-34.275,1.95,-24.75,0.019999999999999574,2.0311517323922406,1.7083749005610545,non_fall
6.904639,0.3383,1.6163,-0.0948,0.8703,0.25,-0.0899,-34.275,1.95,-24.75,0.020000000000000462,1.6540434153915067,1.5250957981951554,non_fall
6.924639,-0.073,0.8351,-0.166,0.8703,0.25,-0.0899,-34.875,3.375,-24.15,0.019999999999999574,0.8545624669970008,1.3943709439161587,non_fall
6.944639,0.0377,1.0382,0.229,0.8352,0.272,-0.0469,-34.875,3.375,-24.15,0.019999999999999574,1.063824012701349,1.3340568702569153,non_fall
6.964639,0.019,1.2564,0.7964,0.8352,0.272,-0.0469,-34.875,3.375,-24.15,0.020000000000000462,1.4876676107249227,1.3403844571374146,non_fall
6.984639,0.2121,1.1995,1.1062,0.8352,0.272,-0.0469,-34.875,3.375,-24.15,0.019999999999999574,1.645437662143419,1.3900342413828617,non_fall
7.004639,-0.1103,1.348,-0.05465,0.8352,0.272,-0.0469,-34.875,4.575,-23.55,0.020000000000000462,1.3536087737969196,1.4490033388273404,non_fall
7.024639,-0.1689,1.59595,0.03525,0.7471,0.3858,-0.0295,-34.875,4.575,-23.55,0.019999999999999574,1.6052495678242682,1.4841845739567496,non_fall
7.044639,-0.09795,1.65785,-0.3125,0.7471,0.3858,-0.0295,-34.875,4.575,-23.55,0.020000000000000462,1.6898867047823058,1.472877553758551,non_fall
7.064639,0.2612,1.3497,0.1424,0.7471,0.3858,-0.0295,-34.95,5.475,-22.35,0.019999999999999574,1.3820974242071358,1.4071686514408475,non_fall
7.084639,0.2688,0.9213,0.0837,0.5962,0.3596,0.0221,-34.95,5.475,-22.35,0.020000000000000462,0.9633549813023234,1.2927145893145149,non_fall
7.104639,0.23155,0.9679,-0.15215,0.5962,0.3596,0.0221,-34.95,5.475,-22.35,0.019999999999999574,1.0067747687541637,1.1438793723361187,non_fall
7.124639,0.0342,1.1457,-0.1089,0.5962,0.3596,0.0221,-35.25,6.9,-21.675,0.020000000000000462,1.15137193816768,0.978382423542946,non_fall
7.144639,0.0086,0.9445,-0.3501,0.4178,0.4378,-0.0145,-35.25,6.9,-21.675,0.019999999999999574,1.0073352073664457,0.8137132155582051,non_fall
7.164639,0.0164,0.6907,0.0744,0.4178,0.4378,-0.0145,-35.25,6.9,-21.675,0.020000000000000462,0.6948890630884903,0.6652869289895558,non_fall
7.184639,-0.1556,0.3931,0.0213,0.4178,0.4378,-0.0145,-35.25,6.9,-21.675,0.019999999999999574,0.4233115401214571,0.5448982238785797,non_fall
7.204639,-0.2743,0.19885,-0.07155,0.4178,0.4378,-0.0145,-35.85,7.575,-20.775,0.020000000000000462,0.3462675482917797,0.45873664510653844,non_fall
7.224639,-0.216,-0.1565,-0.173,0.3163,0.4187,-0.0316,-35.85,7.575,-20.775,0.019999999999999574,0.31792648521316996,0.4059296844659514,non_fall
7.244639,-0.2868,-0.1683,-0.2668,0.3163,0.4187,-0.0316,-35.85,7.575,-20.775,0.020000000000000462,0.4263348097446419,0.3792744383256102,non_fall
7.264639,-0.3163,0.0425,0.2227,0.3163,0.4187,-0.0316,-36.4125,7.65,-20.175,0.019999999999999574,0.38916221553485897,0.36877954795377316,non_fall
7.284639,-0.2787,0.3291,0.3227,0.31995,0.37525,-0.0529,-36.975,7.725,-19.575,0.020000000000000462,0.538623978300261,0.36676659299438275,non_fall
7.304639,-0.2757,0.3808,0.1682,0.3236,0.3318,-0.0742,-36.975,7.725,-19.575,0.019999999999999574,0.4993098937533684,0.3719766773198706,non_fall
7.324639,-0.2356,0.0935,-0.1919,0.3236,0.3318,-0.0742,-36.975,7.725,-19.575,0.020000000000000462,0.317923292635189,0.39027058423700844,non_fall
7.344639,-0.2792,0.0126,-0.2442,0.3236,0.3318,-0.0742,-37.35,9.0,-19.05,0.019999999999999574,0.3711401891469044,0.43110639027008457,non_fall
7.364639,-0.1574,0.0085,-0.3615,0.281,0.217,-0.1303,-37.35,9.0,-19.05,0.020000000000000462,0.39437198176341076,0.5011893863221597,non_fall
7.384639,0.2095,0.5234,0.3142,0.281,0.217,-0.1303,-37.35,9.0,-19.05,0.019999999999999574,0.6454141693517427,0.5982520111571887,non_fall
7.404639,0.1615,0.3681,0.29355,0.281,0.217,-0.1303,-37.425,9.9,-18.0,0.020000000000000462,0.4977463837136338,0.7080316786994186,non_fall
7.424639,0.20255,0.798,0.1535,0.1979,0.1863,-0.1687,-37.425,9.9,-18.0,0.019999999999999574,0.8374919417522774,0.8063474779247559,non_fall
7.444639,0.06565,-0.0914,-0.2663,0.1979,0.1863,-0.1687,-37.425,9.9,-18.0,0.019999999999999574,0.28910131874483036,0.8663237677959088,non_fall
7.464639,-1.2404,1.766,1.0598,0.1979,0.1863,-0.1687,-37.425,9.9,-18.0,0.020000000000000462,2.404272072790432,0.8685240938429094,non_fall
7.484639,-0.1462,0.158,0.1417,0.1979,0.1863,-0.1687,-38.25,10.725,-17.7,0.019999999999999574,0.2577155990622221,0.8095339409568607,non_fall
7.504639,-0.2757,-0.4649,0.3034,0.1242,0.1216,-0.1298,-38.25,10.725,-17.7,0.020000000000000462,0.6198338971047002,0.7041647281140173,non_fall
7.524639,-0.1612,-0.2805,0.2982,0.1242,0.1216,-0.1298,-38.25,10.725,-17.7,0.019999999999999574,0.43998742027471655,0.579545619474982,non_fall
7.544639,0.0005,0.2179,-0.1854,0.1242,0.1216,-0.1298,-38.5875,11.1375,-17.7375,0.020000000000000462,0.2861010660588318,0.464214012666271,non_fall
7.564639,-0.1657,0.4585,-0.0363,0.2059,0.1298,-0.2033,-38.925,11.55,-17.775,0.019999999999999574,0.4888726112189146,0.3779052617329912,non_fall
7.584639,-0.098,0.0989,-0.0325,0.2059,0.1298,-0.2033,-38.925,11.55,-17.775,0.020000000000000462,0.14297363393297383,0.3264673644876117,non_fall
7.604639,-0.293,-0.1532,0.1904,0.2059,0.1298,-0.2033,-38.925,11.55,-17.775,0.019999999999999574,0.3815382025433364,0.30310665581724605,non_fall
7.624639,-0.3061,-0.2694,0.3617,0.2059,0.1298,-0.2033,-38.775,11.85,-17.4,0.020000000000000462,0.5450692249613804,0.2943059849292954,non_fall
7.644639,-0.3269,-0.0121,0.1769,0.1739,0.0822,-0.1206,-38.775,11.85,-17.4,0.019999999999999574,0.37189196011745135,0.28713678219323324,non_fall
7.664639,-0.1004,0.0921,0.1053,0.1739,0.0822,-0.1206,-38.775,11.85,-17.4,0.020000000000000462,0.17219367003464442,0.2745856439344158,non_fall
7.684639,0.14485,0.0562,0.08635,0.1739,0.0822,-0.1206,-38.55,12.3,-16.95,0.019999999999999574,0.1777534387853017,0.25700794270322036,non_fall
7.704639,0.1519,0.1158,-0.0412,0.2225,0.0383,-0.0342,-38.55,12.3,-16.95,0.020000000000000462,0.1953987973350911,0.24009597567759167,non_fall
7.724639,0.0285,0.2686,-0.0344,0.2225,0.0383,-0.0342,-38.55,12.3,-16.95,0.019999999999999574,0.27228949667587254,0.2312739061489598,non_fall
7.744639,0.1204,0.2528,-0.0224,0.2225,0.0383,-0.0342,-38.55,12.3,-16.95,0.020000000000000462,0.28090169098814627,0.23639857664511668,non_fall
7.764639,0.1088,0.1183,0.0726,0.2225,0.0383,-0.0342,-37.35,12.675,-16.95,0.019999999999999574,0.17636068155912757,0.25768461214783944,non_fall
7.784639,0.1361,0.1239,-0.3138,0.1694,-0.0119,-0.0501,-37.35,12.675,-16.95,0.020000000000000462,0.36379233087023705,0.2929771043763317,non_fall
7.804639,0.1029,0.2073,-0.0465,0.1694,-0.0119,-0.0501,-37.35,12.675,-16.95,0.019999999999999574,0.23605920867443406,0.3362637493339027,non_fall
7.824639,0.1499,0.302,-0.1313,0.1694,-0.0119,-0.0501,-39.075,13.5,-17.85,0.020000000000000462,0.3618199828644073,0.3793224049840874,non_fall
7.844639,0.17425,0.3284,-0.3532,0.1174,0.0018,-0.0646,-39.075,13.5,-17.85,0.019999999999999574,0.5127961217677061,0.41423347255400905,non_fall
7.864639,0.01575,0.3475,0.293,0.1174,0.0018,-0.0646,-39.075,13.5,-17.85,0.020000000000000462,0.454811293285468,0.4360779020712956,non_fall
7.884639,0.3989,0.0813,0.2775,0.1174,0.0018,-0.0646,-39.075,13.5,-17.85,0.019999999999999574,0.49268362059236354,0.4447829172096589,non_fall
7.904639,0.3728,-0.2092,0.1156,0.1174,0.0018,-0.0646,-38.925,13.725,-18.0,0.020000000000000462,0.44284064854075894,0.4451948428529101,non_fall
